,M_1,M_2,M_3,M_4,M_5,M_6,M_7,M_8,M_9,M_10,M_11,M_12,M_13,M_14,M_15,M_16,M_17,M_18,M_19,M_20,M_21,M_22,M_23,M_24,M_25,M_26,M_27,M_28,M_30,M_31,M_32,M_33,M_34,M_35,M_36,M_37,M_38,M_39,M_40,M_41
E3.1.443,0.5918871241505306,0.8109362327657297,0.5304114769398368,0.13499252150317986,0.19816784997383682,0.5794834718843633,0.09261030209775584,0.6416969633278787,0.06765827140770622,0.3452488698933724,0.521209443731731,0.26809382013505983,0.8612378897756229,0.42241917537380486,0.6954109124841039,0.6332416573149211,1.0585511886291956,0.4194752852500131,0.16849244092420523,0.08936484985939988,0.7749911206238587,0.32383024766504165,0.13805153737141268,0.3303120741724105,0.29820545684838895,1.0880369287803806,0.8553727714960012,0.5151010656426405,1.1133007609860839,0.9080442335629402,0.7611997095178227,0.17870847629008255,0.7217676858492706,0.5746402352618452,0.49133026668852225,0.5605502052407546,0.15803059929794586,0.3756859548721736,0.5934688477047511,0.10878063470987687
E3.1.444,0.8139007454653706,0.8082837836963301,0.6340202604052461,0.2773552503503598,0.36814187717314517,0.5381628906350905,0.1184577991043401,0.5271393541236039,0.5136493156319195,0.6305341712829022,0.7860522999753747,0.21654754378541816,0.852287787985139,0.6344225051774341,0.8149227927208317,0.5601783669875835,0.9547932736787607,0.18631315903207687,0.5815876004195897,0.06256029664866923,0.1302308326412437,0.4454406518877804,0.14057771335258032,0.30279397080087617,0.29323355436441556,1.147700417520463,0.7159765781514283,0.6883536629728314,0.9313231036441697,0.8782626008421788,0.38034017027256356,0.24641685702002059,0.2097172491387319,0.2237823468770387,0.6018683958606001,0.37618812169233395,0.6162221211603804,0.3476378661582908,0.3059234231794963,0.1387017646280521
E3.1.445,0.5031407557559889,0.7408236236114749,0.6701478504018309,0.3077780249108173,0.1608100762230444,0.5018373713110538,0.14575893615689953,0.2514819874091108,0.07803582276247595,0.3120587745882845,0.9764555249365612,0.1789969626835886,1.1370495723159193,0.4609973832379734,0.7416642308812826,0.6233182445523806,1.0697979846106853,0.291572288688701,0.5476806692327726,0.10824942878907173,0.46871657968515246,0.6481938258929497,0.12271203559246385,0.31242353661055644,0.45687956150934095,1.0256520095663122,0.6370092355913943,0.710997726680972,0.8953311938844882,0.8361405929387304,0.6487328130859781,0.35930200889040664,0.8175935518251609,0.2690799921177629,0.24637001868400532,0.11805845177703654,0.7069104696064794,0.12780475600825655,0.6668376703269789,0.11760010696803194
E3.1.447,0.852450225242668,0.938241212798032,0.6879272101832405,0.3212977897869412,0.4369482027728684,0.6238107364128462,0.1526937434953121,0.34611125596507114,0.25533616545699234,0.4705403291824884,0.2796435231551455,0.23991038730068728,0.8961989581713599,0.33971586959600525,0.7015206609286404,0.6549516039847816,1.1293442234232498,0.4175533628814974,0.07077112815416867,0.08209199226863523,0.1545091773768821,0.6656589686354373,0.12174913125288755,0.3882675660098132,0.4549856343243583,1.0123527881884402,0.6587329908098042,0.4865039168039969,1.0735651584972554,0.8468725377334305,0.4641256848706029,0.34848917386266964,0.7414665232724745,0.4521738779488955,0.46912413593796093,0.7148893998384397,0.31538498464505255,0.114283863239773,0.3732228337464427,0.24658274949154507
E3.1.448,0.5798057672933218,0.7088816629040716,0.7198561439118755,0.22433821678195726,0.18165410611225016,0.532409212518929,0.2761249784874047,0.3733924329974145,0.34530731468691095,0.5955831725868321,0.5439180809564367,0.18848162512372307,0.9022131749114142,0.38166782376753594,0.975596114970654,0.5184441461050896,1.0036100616072923,0.37700604867566123,0.1768291636962136,0.00715052406219858,0.7195698602346797,0.4221329741325124,0.15112014360843615,0.295677024179236,0.41273014408989783,1.0265912963591546,0.766915324174291,0.7414213615985357,1.2306392555361625,0.8563484290897234,0.639246307034648,0.3333325540125721,0.5786909761896343,0.5583941369298302,0.22615267570720765,0.05070318426712036,0.33532448986938573,0.3178654063729288,0.6461020655119374,0.07877241912675115
E3.2.449,0.6769719420418503,0.8678578839400185,0.50319593539769,0.2208865479517973,0.17557082603479127,0.45197265401822473,0.032947419687505725,0.2735683376075827,0.597721253108229,0.4340362285507319,0.26144239744859155,0.26886151094069916,0.8428791112668004,0.31831934052349115,0.6652669885087072,0.6408337924496413,1.0349333289529428,0.3434591898081401,0.3324882008656004,0.1147081620553154,0.5173260780836318,0.782713967949895,0.1578991564387782,0.3419916203130084,0.25997972951290815,0.9648834592698565,0.6264243862130291,0.7775236693012846,1.1198035417761478,0.8041453795563737,0.4266007200039053,0.3471960232378913,0.2969479846144827,0.45470314480807217,0.5838545055475014,0.49344970330248666,0.5467676906630324,0.3806210487656654,0.5295879547868915,0.529658920986819
E3.2.450,0.8328858392505172,1.0169475915339723,0.6836742394476384,0.2619982960574574,0.16791621223398692,0.7038812634690799,0.07336369688831099,0.01835599488682123,0.1888901204472368,0.5127315919596349,0.9373629056885207,0.2111476758484389,0.9853886705870802,0.7439464529198365,0.5889076536250594,0.6347875859756617,1.0686683381174595,0.07548530984743744,0.4679370425734948,0.03917332502683198,0.5002314390867354,0.49373865551212043,0.1548764664872636,0.33674969132058163,0.30620878750975844,0.840829162965372,0.8992645863754922,0.9506331231271896,1.2479911954185803,0.9089266899969044,0.7443356481245772,0.29747181193036815,0.3599805586558288,0.25260103227907316,0.2878875737500186,0.19480120249825442,0.3496262607881647,0.09026406680138813,0.5309863766860881,0.03914544178244879
E3.2.452,1.0386956101335525,1.0815768411498332,0.6143182558979478,0.4031771398941505,0.3930377313913221,0.5813985550049314,0.28451666742283493,0.2916495143726854,0.5339058108869033,0.5194965515043805,0.07977135716363401,0.25073040133269575,0.8573798919259457,0.3955918451203065,0.7196939069918492,0.5561857480510841,0.9987061036425466,0.4081836382346688,0.12753087224424098,0.013097553367897365,0.11443776708833847,0.16287090618775235,0.45907800596760373,0.597059094436899,0.4305323588814304,0.8717344922170538,0.7538966586486913,0.9043133655369496,1.1524172119927838,0.8753455646938204,0.4144614604959628,0.2443536778464597,0.04019686918759857,0.278554314392936,0.4126711024780538,0.6418536720103636,0.2719310853929986,0.4674519891633368,0.6570477822672538,0.10114735368238506
E3.2.453,0.8572912272904403,1.023315500739552,0.5097183615180784,0.09714104805631119,0.5244782599438177,0.3750247452147641,0.13354480701268837,0.3357213375053979,0.17042415474723138,0.4176523121878519,0.5371294814405388,0.22169888807783633,0.9484171936212771,0.3759623240626206,0.590858424234339,0.5864063003244557,0.7796997615223418,0.3071312950668607,0.5955744917028315,0.0517575056852149,0.8073717062104971,0.7737422148466201,0.15605945284068984,0.4422249024420031,0.3811334454536357,0.783353350338376,0.6704103932638169,0.4288008094935793,1.0258640401263353,0.8607043795478746,0.728019102621798,0.1342989028858524,0.5351611814945607,0.809720550467793,0.7136466618974738,0.15600579952357246,0.17413987034290773,0.19528789605729452,0.5946579040921411,0.1904482870190621
E3.2.454,1.0922179640089604,1.0025668960951473,0.5834638891728066,0.19093879368705474,0.3074062353795311,0.5703159982269325,0.06326841652984645,0.25334088273781186,0.14102618735976047,0.5085111085648336,0.24447926069442086,0.19290877609194768,0.9438748421143959,0.42508976521980735,0.7770802926945509,0.5672102473627822,0.7564635534231196,0.13960814431164098,0.6630774895766071,0.03301288871442335,0.3902422884981678,0.07749357395295971,0.16715284927792226,0.3591136295312096,0.4484635091593052,1.1511720455525916,0.7902696852622422,0.9514834161267232,1.1497033885568317,0.965524218887489,0.33942327726984367,0.16343836649812635,0.15130708350344255,0.20579962799205365,0.562499294296485,0.5909924547473093,0.8952058317627434,0.2890107230582839,0.30903037632948815,0.5868122047019905
E3.2.455,0.9807798974101816,1.0219811465315536,0.6765711679103827,0.33159467975679924,0.5976565406703533,0.4784390843618723,0.14811846058279998,0.7017640137797608,0.6074169534657712,0.3649456348456678,0.8801057525862881,0.1798279448026095,0.9190942854332438,0.5418888835224113,0.6529025378649252,0.5449639422427878,1.020379544715405,0.25488456059155423,0.23311630571859235,0.03298446648285013,0.5659221665479856,0.37686925947826955,0.3833893326891038,0.420363421382585,0.25682390517384335,0.9916558869429511,0.6614675992528566,0.6323263777964412,0.9465021848210748,0.8146913118371994,0.3972530562384331,0.3381016791114655,0.16261661461929824,0.34947027960682575,0.4061495441045494,0.08948363579320429,0.2307681014033623,0.1038233041792288,0.6316977043921994,0.07120602828122846
E3.2.467,1.029219446069663,1.0725367428814732,0.49106157970056546,0.3654551362761536,0.42172002081642396,0.1456644486020864,0.2652494436120262,0.06124517946009177,0.34134637984438343,0.5374160947254263,0.1730011949572852,0.20674231597396642,0.9279416387134604,0.46684142987791644,0.7074868261015552,0.5880772938390839,0.7498403830719096,0.6905594148858304,0.44118924534242154,0.0521761243552077,0.14845071418662117,0.7373558852481314,0.12006417322302058,0.35527273088449807,0.44673931869527295,1.0183096887947054,0.8914094229428435,0.8754297232072862,1.2856432214492781,0.9012585501699706,0.2182159919248895,0.0944923215642858,0.2466099140145069,0.40421882967689704,0.13080436159149422,0.39664947921857413,0.30756987802985236,0.36050056632575145,0.8157386514828333,0.5104946073008432
E3.3.456,1.0499296614625089,1.0928488268252141,0.7286365303970097,0.3707263995726689,0.6084072531389549,0.6355604869442345,0.03446820732892615,0.3510939343015977,0.4341456417186443,0.5237021676587276,0.3094948656846557,0.24702391344933508,1.01339724097796,0.49174268720118675,0.4477450480316471,0.517602230052433,0.9929458659532999,0.2853040051200437,0.5717687315613502,0.012264903229487645,0.598007011929578,0.0980525158169472,0.166104609978343,0.5918301643604621,0.45836781208482,0.7086816567036965,0.8772252654059128,0.9037009812761366,1.274052781718721,0.8524730378332106,0.3189300685379767,0.1251626974963124,0.4165647991375537,0.06041744845045348,0.038947375079778954,0.5346598187763758,0.23803684389211915,0.03937368277782531,0.5572438261231482,0.42336128362267583
E3.3.457,1.0628488619738874,0.9400363183194885,0.5896344992273992,0.17466084144360355,0.46820419670330493,0.5594611452881568,0.09234609191298518,0.053099265367705456,0.22478756336202876,0.42950419542964136,0.711905731441078,0.7719395199046012,0.9739465205661128,0.6363273166526245,0.70260195054424,0.5910534520891827,1.0199133576315016,0.09933916157568845,0.6739815828123448,0.01634768784247038,0.46486933137118086,0.5828486803457689,0.15322449211580735,0.4484256876688356,0.5429128491280311,0.9189009621541842,0.7202454396287022,0.8207245429323708,1.3228773058491765,0.925201626119668,0.04282450995479474,0.17381477316485228,0.6082450851163027,0.06064413593663746,0.0271084445648625,0.33646841978473824,0.586224440065015,0.04845456183781319,0.21306264577703518,0.21098386310451162
E3.3.458,0.7219619368761118,0.8989175186487656,0.7228789963920813,0.3667243214530088,0.24472600064054623,0.5903194340015344,0.14719530763651534,0.6434918629366838,0.6001692617455416,0.5125148586854557,0.5993466905754252,0.21033533288040174,0.8191923450706339,0.5375853616268158,0.6939240201585964,0.5914610729951466,0.9786070636478706,0.16826310400086808,0.5530841063173417,0.09065936198162898,0.21157405184429157,0.34291723839978394,0.11904937271142213,0.2641101897975448,0.4257084872042011,0.9907725297690653,0.6802643368140113,0.7234170936933088,0.8315564884039226,0.821824580355735,0.6211087393410273,0.2241204243572089,0.41686351128554977,0.6902686404357792,0.5023806488054711,0.1882975242306996,0.4013793041184822,0.35511731206321345,0.397164254591451,0.10074419251303281
E3.3.459,1.2267251869575384,1.1824155690964604,0.6066901225702822,0.21704990702655924,0.5643737383592476,0.39528687351710323,0.16347046716775868,0.3768776131031342,0.09759982114639473,0.5564777066540669,0.39344098081966217,0.22904573410790185,0.8809406790988364,0.5039621851668297,0.6187311719329327,0.6704062669224974,0.7553731708803283,0.08164719443310225,0.17300939942886334,0.05437946842048265,0.18519361425936168,0.3814013071357675,0.15953776470350117,0.4378237708814013,0.35977168959937317,1.0023858477101184,0.7748603600762438,0.7851680398569061,1.0432421178075553,1.0536365847243325,0.32928070377700613,0.23261581738736398,0.4667515540784479,0.12605260526281145,0.1723902266329048,0.6621976593119522,0.6436388920290105,0.38758666081279436,0.9022584927817701,0.1463039293693047
E3.3.460,0.8253816608449691,1.2374879221586352,0.8020989829013411,0.3828884737831423,0.4077660647608017,0.6491902921730088,0.07544029845289064,0.42913675165503923,0.7740727457798396,0.45153584383466444,0.03880946261699209,0.32091701395530425,0.8868449193895344,0.3416151734447394,0.7535794180159938,0.6186976456030198,0.7174528715991129,0.10890739373443352,0.48355246879200015,0.04228034571176924,0.6328348874066428,0.3729938519613465,0.18016403707451992,0.37923466900675473,0.38378965186644776,1.1428281191855285,0.9170385608922943,0.8704334798032827,1.3239985245633452,1.1331643875392936,0.11170283316206794,0.16873432679566142,0.28849403759382075,0.1483642341393585,0.6901697256865617,0.16600661857255564,0.30466250475944784,0.13671416765055286,0.24291559503544244,0.0580997234085866
E3.4.462,1.034888040050809,1.0786093493132065,0.5558758748217799,0.22465076449060417,0.4321092855044588,0.5785501956990977,0.07744107201268347,0.5926442525202915,0.2164194981400955,0.29612945923134093,0.37015332067835,0.20585665225486044,1.0376182188877998,0.28365689641218345,0.5670826788242157,0.5919176329617521,0.6670502393028932,0.3380369262691362,0.5118195058467054,0.10481192099514976,0.229261956289981,0.424524473922682,0.14371426668681503,0.3177027546739496,0.2913505632476311,0.8872370579411702,0.673407064863367,0.872599014352482,1.0243132609223276,0.8797572437782732,0.3669261591537262,0.14835160893715443,0.6671110780832841,0.6000166049218019,0.6717534003498257,0.23619006027634754,0.8333553217143739,0.1794441497423824,0.3555534923087077,0.4321067646096334
E3.4.463,0.855994238725275,0.8293961041108533,0.7164016803483139,0.15892225596543397,0.271228245420295,0.526301010986316,0.026016600052686165,0.24661195488865825,0.7393341908058351,0.31064296322125695,0.6993243659921011,0.17765131659145267,1.0491134918229104,0.2853120981834527,0.600454690370548,0.5162559830718121,0.6888503701056171,0.047416529553368676,0.7514795006611076,0.061156544084011326,0.21111896798941426,0.5789938386693161,0.1263514998043459,0.27391069865007284,0.26109925389924804,0.9049232817715294,0.5696759538953075,0.7977597046560858,1.1341018847686037,0.8407237737386725,0.7317192990662924,0.15536411685190668,0.45654608651358247,0.7976581466959254,0.7258496832947076,0.6759412644918099,0.21289056761307837,0.1483790014234751,0.7113761296493029,0.1277509254424209
E3.4.465,1.088101071169889,1.00530169141609,0.5837863872133919,0.12181012800865446,0.3028230523281304,0.4916497300871304,0.08062201598243403,0.7720880802085933,0.5090088411176054,0.3201942301380373,0.5420435471652248,0.1811986707753525,1.1534117515667894,0.3303662342564549,0.47755164121013316,0.5323038613905466,0.6942883857675348,0.052739683942723596,0.3540957305732905,0.051554107034762854,0.735391047016944,0.7720922314426171,0.1510436712983864,0.39051200121967555,0.30073558452200977,0.824784411455099,0.629570465026671,0.3276503399538803,0.8227557662825162,0.9386669486607316,0.7251702063300995,0.16976270609926686,0.7851501377665262,0.7009501732057519,0.6381696752065843,0.2947232754713074,0.4674945745593179,0.1106506325741671,0.37463486991870565,0.19515184961457377
E3.45.3374,0.5972859399732794,0.8827423409199593,0.5201166827662075,0.1564506933150825,0.28585636948413096,0.5068249225022051,0.22359197041523599,0.4612652630813772,0.7615967003055727,0.3877021449610618,0.5520637302177235,0.25360301851475203,0.7516456491085888,0.40958550839087693,0.626207575170387,0.6174585125813163,0.9906714500089752,0.18816952614905597,0.7071481439876441,0.10618462879179556,0.5478100888906366,0.8011953570905468,0.3644608966059038,0.41989459052129047,0.4092450467952452,0.9544855021737655,0.5986404395458407,0.6705099520132998,1.0653242057035597,0.8225431956323037,0.3160713272082021,0.14686766037348045,0.5880176473968125,0.3650570472418852,0.41988641001586774,0.15026608386967166,0.3611627115847843,0.18255545619494867,0.4306580796562745,0.39917693225492296
E3.45.3375,0.5642700721185006,0.841963444775554,0.6116764227810989,0.32069152439461224,0.36029261255622635,0.40287290293141576,0.12276664522859966,0.5228337300606535,0.3245618108206869,0.3692726694717872,0.7933476030017266,0.17341810127573043,0.6361321608620143,0.415370328514048,0.5634820689897108,0.6729062401198422,0.9732704664368188,0.34915787967447853,0.4650766758485565,0.11605166024414697,0.4868812431924473,0.3275231359246933,0.32842437878825503,0.34011055817490476,0.3692512414806353,0.8177619877229648,0.5144108929170524,0.5318655732185466,0.8317426689066362,0.7045372449765679,0.2636976966858718,0.3015812986583094,0.4010632055277631,0.6586673838575925,0.6963335924909957,0.6324249137353376,0.6964354668506677,0.3645716474614857,0.6024175155279133,0.5308828151690785
E3.45.3376,0.6717755148347839,0.9508516629011612,0.6812455479064876,0.2865172425603971,0.284602838700494,0.587317144558167,0.15634844804310252,0.08386799337933981,0.1948179506905105,0.6150365106513761,0.24474848320471565,0.23556002709603563,0.9037828846545729,0.3573766338107445,0.8646610245915268,0.6046111551140576,1.043784127372441,0.327742008860886,0.45156449760328704,0.052726901708361446,0.5849513398066074,0.5418197355351828,0.3880933387898699,0.43966308463389747,0.41419409150669295,1.1630391249672491,0.8098924912861788,0.8573675989495503,0.8742061872685475,0.2899540131551498,0.10169542519040352,0.1360296289378325,0.6846072604902653,0.42039346824682017,0.545112606070471,0.3365960540368328,0.6121502368788589,0.3704623437662601,0.5315291730405489,0.29930643375637467
E3.45.3377,0.5452768907035623,0.7232852135844512,0.5828383463439797,0.15129547218606373,0.10099404753776883,0.5067280191697703,0.16799864269376677,0.5148882354173773,0.5117774802437731,0.38793608950522973,0.21715788010639653,0.19841344461073,0.812863902275615,0.3927588407291774,0.7293346070132963,0.6318964233942113,0.9925252789343713,0.37166669907808164,0.12475736221225586,0.09097031880987619,0.19647880488491082,0.7537979639560318,0.36317504152562313,0.466315469564043,0.4246014819246805,0.9976215018791019,0.708130725231883,0.7643472508090859,1.1478393517270138,0.8337243999497994,0.3480790986495961,0.3507054058528013,0.13956899600253844,0.5885595685764924,0.6578223970612643,0.6019550134898044,0.6154266092479529,0.35180755104562983,0.5569338458709683,0.37774566530085085
E3.45.3378,0.5686949706624038,0.7603896654188378,0.7109614936647463,0.34778290846034154,0.3076273602848812,0.5743267007405856,0.19246148022966814,0.39009835113182095,0.29847771892649666,0.43230874596230234,0.1457593401647463,0.19708640138984254,0.7998690208397684,0.3865881027437806,0.7717007956353091,0.6277040540437441,0.9850621934274946,0.18154224143543587,0.4245456932125988,0.08312979026130889,0.515623315293096,0.5959328406459404,0.12746904121759706,0.41433825387955286,0.412625527718211,0.9889100844168033,0.7181830094129111,0.7647247789866791,1.0660423578949778,0.8498473806459211,0.7045890221655978,0.1728886086594276,0.5999761284508535,0.2807827944198185,0.20033165308455578,0.6200973458707755,0.7019563934699016,0.35810753628506325,0.6666640326002654,0.05479192648257054
E3.45.3379,0.6263754080197235,0.9660048963705568,0.6746345241372306,0.3519881523463279,0.4647148715092385,0.4617958724647411,0.21828131160852293,0.5383174865649389,0.2815018173547612,0.5488559292627421,0.1832079894928678,0.273820129894932,0.7752457544250271,0.451114033403389,0.6796536396174799,0.6372474081800137,0.9796593838338923,0.2268738170396373,0.4435317163945187,0.09117959549957622,0.639768520375887,0.47262519796549063,0.35970643947776443,0.33319237373451505,0.3844545813099745,0.9129576239800612,0.7493670370101224,0.7393139938339506,1.0158567856625378,0.7984010046514529,0.4089516753349238,0.33197256508307293,0.034448141496628275,0.638101707426334,0.3076619080380413,0.49910894003507167,0.15516971555320777,0.36139504814612794,0.7922080313424473,0.19133618308522782
E3.45.3380,0.5389564934755776,0.8286177740480597,0.6300854895585571,0.3250574747625742,0.1890914790779062,0.4442089838817981,0.2521963074785075,0.4759261007585042,0.27212064622944426,0.36523842014744834,0.5834637384944177,0.2681290880012736,0.8614742531498141,0.4429211722176257,0.5938556396949842,0.6421057305021052,0.9992331305032311,0.3811326869804283,0.6635810254896484,0.07391054428560595,0.5670614027208434,0.5380755741370906,0.34947869503350315,0.4517207519275274,0.3980990197835596,0.9065595782062453,0.5190216595368764,0.7355745774708985,0.9397290440349437,0.7619237538348369,0.7169869351847875,0.3077832526908396,0.4600502406393557,0.41786048979525336,0.42443323982121706,0.6754534268420664,0.43371405932113627,0.15442994033176918,0.16398424487983373,0.24675371098314502
E3.45.3381,0.5656758162236417,0.7627461581134583,0.6622630891093275,0.3541779197482773,0.23145799690946028,0.4833201842200007,0.16663318942869637,0.5149554130386036,0.4836949721895193,0.3953308747264267,0.17995069489827836,0.16539883391204763,0.9802870015695053,0.24939786502986555,0.8283660606829879,0.5821073752444519,0.967986219862345,0.3217804152421628,0.6387708427167463,0.053931448032501064,0.5284290545451388,0.4467057371016964,0.3491475374502994,0.3229613012766978,0.3721885541714184,1.0448711089634408,0.6095046102955944,0.758092074141254,1.0194475430302434,0.7790663184526843,0.2985498588236269,0.3000927622897484,0.3511424782053636,0.632348480191202,0.682382704544332,0.43972626585147756,0.3861047213101926,0.34645080861233823,0.3846433137873435,0.35991146748588815
E3.46.3382,0.8931612743947135,0.8604992310052275,0.6543990277392987,0.32211796090182215,0.27074282724289944,0.5481879141384793,0.12679610029372504,0.2177149040278286,0.5793021024589804,0.3628972589499775,0.7269632767744374,0.20217785663028984,0.817290582962259,0.5099974499865021,0.8778674637141608,0.5520528295879835,0.8932987125567337,0.34157819724564,0.5632566094486846,0.05540990517803768,0.5286375331893945,0.44738563072524984,0.1142281027505894,0.33331718659152115,0.3946185778337176,0.9733709205991397,0.6555428988658849,0.7356038148834929,0.7993963997456683,0.7614149986552354,0.3407007690163259,0.3308478006151699,0.6303275428468569,0.15929706022799323,0.6150196052592158,0.6137827565542034,0.17462784739948836,0.3236094496463354,0.3556968376554943,0.33686243605602095
E3.46.3383,0.8776587112266185,0.8474367584859479,0.6139443319449449,0.3193069582403145,0.34585585421786813,0.2371742621752091,0.1553822857966496,0.13587321238111838,0.5387702047133671,0.43243169547210997,0.5320903688675774,0.1808415955707799,0.8960760282342164,0.4534792135005108,0.6496460593839957,0.5360442529024915,0.60989593721843,0.34162261974485914,0.49527979542526324,0.09467031088869998,0.4193793633573398,0.29757247507505985,0.34829170850047053,0.41611594386984585,0.23427282206665323,0.8926156752879402,0.6705040283443635,0.47692361830295976,0.9958752459694731,0.7601830495362019,0.7421119216682559,0.327404773530267,0.49300402632207063,0.6960301622263632,0.6769162885563479,0.25955317011206214,0.732353463343716,0.3463278825941204,0.7657519526366419,0.15533279640393585
E3.46.3385,0.6920795512066736,0.8092284619853649,0.7223480309368847,0.38378954299013307,0.38917279356281603,0.23511395648287753,0.17696915044929937,0.1946475404081666,0.3327885585518148,0.5867245514266202,0.22783658091222714,0.2481771926385467,0.856465976818378,0.16048045574559358,0.9211439481246848,0.5626268684000983,1.0488156755618836,0.2671834918311821,0.6779936444591661,0.020933082816220305,0.5155799769916684,0.29398413248286265,0.43966344019759857,0.4546143297198507,0.25734391877409085,1.035867675461751,0.8328812591314285,0.9235896355755129,1.009787544577341,0.8614032034066069,0.6028802474411241,0.35461522004066065,0.59324767855664,0.18058039621189412,0.16940393537165396,0.4139290008122095,0.659734261439418,0.0501703203394613,0.15366821700852298,0.6825380533896649
E3.46.3386,0.7373054280901264,0.8932839280878134,0.6879276502152208,0.3595070947401011,0.429565679222789,0.4967349331829094,0.18826016357433115,0.5203732777133371,0.6734390147792111,0.49137444975094774,0.38611800205206365,0.18256418301321709,0.810485478430266,0.3248627317679171,0.6412096945125025,0.46724206117152,0.9112732058952616,0.15703883730698232,0.16793568460819053,0.019712264511244054,0.61866367925365,0.6014488480573138,0.4000831903059887,0.37487456435707156,0.39270532181782714,0.8159414804901143,0.6120588733344521,0.6747552982895821,1.0207600567391015,0.796707402168791,0.6630973170757258,0.32119976435945563,0.4212503320019656,0.2807556598176684,0.3494744669652337,0.49282464757314753,0.4526081661111033,0.3070197079522404,0.6162218425488819,0.2413357515530513
E3.46.3387,0.9810340916293546,0.9762526812436353,0.7061365829038844,0.34063906544695854,0.37060204661134494,0.39675416357584853,0.16026758718015488,0.18834713359815575,0.07347618458228139,0.4026083894082134,0.5261375010352063,0.3038146204846915,0.9135630581974024,0.5125860355595008,0.6811047837582556,0.5687426796188564,1.0975300234621674,0.4070121980895739,0.6660097102402184,0.04104033391770651,0.18342953844754892,0.5116803694851619,0.39520034660872355,0.3223019504829049,0.42230119271373895,0.9444990673573331,0.7990240888470169,0.34744915849141805,1.10228357866189,0.8411019223810562,0.2022156760408022,0.347596934003787,0.21381874536501475,0.4017374279109911,0.5156864499555542,0.7039470139562467,0.38127213320523945,0.3538481397601423,0.2636771804260194,0.4332711417834018
E3.46.3388,0.6354533285470909,0.7336428915327741,0.6995923044483038,0.3432907612457524,0.18243714764743507,0.4392216545119192,0.04402665013970858,0.6674653490042257,0.34168614404069886,0.37107815740338024,0.9897122048569207,0.2195577908237255,1.0046832052046315,0.3893679856368061,0.729494909145747,0.5762592667755423,1.0470466806754366,0.349492244148999,0.0725386467028945,0.05201913053339237,0.10513354573256592,0.5995799279834145,0.11611136003667077,0.410325271413624,0.40257604165297217,0.9114176903411892,0.6510668796513417,0.839855932911894,1.021569277962418,0.7950600955896465,0.5409190302262711,0.14122129441061892,0.522973981990029,0.49013090861998987,0.6911965642550735,0.08431546743192467,0.23080009896569187,0.35948460397236964,0.7955049041886284,0.4026889905846437
E3.47.3389,0.619268869253244,0.8977786057479227,0.7106082344135242,0.3475978743514083,0.22286852094741727,0.5002830972222319,0.2578261839243499,0.4083351513330874,0.14111624160417086,0.46590526545612215,0.319775428366592,0.24903295203623294,1.016018923685107,0.37700528689258617,0.8739907465449539,0.6133540926558886,1.130893582614281,0.35885578672017354,0.3931872716424219,0.07651705906145977,0.3607528003246406,0.6435949138927641,0.13945536333501043,0.31531783864140267,0.42988039890930374,0.8322421424254928,0.6380935307806248,0.800952279156899,1.077847811914302,0.8133333026962646,0.26066112565411653,0.3448376318761355,0.2665507921540859,0.8032965935289532,0.3739473656813087,0.5261287113831712,0.21647928813940306,0.36538513432024033,0.3613287086245014,0.4496938872944888
E3.47.3390,0.9523072169485314,0.7171124010658421,0.6188548552315155,0.28684385682173286,0.2946119921617605,0.5788408269106565,0.19544552167572762,0.5723274419637548,0.4354186997831801,0.46631346158226256,0.2909576566396016,0.2749479990202195,0.7609847532243955,0.4095127173321419,0.5471466657267572,0.7879656893644191,0.7083326207621501,0.38761322763543804,0.08589375166202232,0.06793087630293188,0.2539134097580158,0.24047562523684254,0.3825466569808132,0.3798831281066757,0.45251151233901976,0.8003886734621214,0.7335923620603063,0.6445074583694039,0.9035855051378033,0.8167867335021619,0.750516757579936,0.1623787939981713,0.6910394594671472,0.45108142559080194,0.19988658514818702,0.7023330608175335,0.5420525880414883,0.3291808213485707,0.7414064826797021,0.38257094683657733
E3.47.3391,0.9456577498256118,0.7619790667156747,0.6830834655187488,0.33182908843956066,0.36678867126268083,0.5053556533790388,0.41297588333715934,0.5709790125957247,0.14115669503722345,0.5162037983934229,0.13947198215840545,0.2823933421615006,0.9921791646005282,0.3620448785358351,0.8798964147924226,0.8205064278382238,0.9553053588188647,0.3720951792408467,0.08312430166996113,0.011907019923912066,0.5955498967582168,0.08311625631573097,0.41407930153795636,0.4355780179237134,0.41114212568004693,1.1345777317977164,0.7554039570439031,0.6603376385437563,1.0366484071285755,0.8257234868904344,0.4961281433451766,0.33184101190489235,0.1052419849745227,0.6401322727839593,0.0594196766143181,0.39588837125230886,0.3248553335239003,0.2883434803145851,0.5226813497687955,0.34837740269818085
E3.47.3392,0.689819729797442,0.93650998555886,0.6351789239250443,0.11441615134302496,0.5212027351077874,0.5405109486474596,0.12338634344295667,0.14754506567892361,0.6167366460864454,0.4370014666343546,0.6885952635055049,0.28900688360831506,0.802538853393844,0.42664073832485405,0.8421629361391348,0.5147200503700636,0.9501143865383034,0.3274901029354335,0.6811673062707149,0.06777424722644113,0.5785338699872846,0.5683331124281856,0.34635270641893745,0.5004384546589702,0.37552632921372403,0.8738245844664629,0.735688790837211,0.755445387777085,0.9539060158016428,0.7524248151842939,0.15221966103870307,0.2986657159860768,0.6433106049985744,0.41914278548482287,0.29392862714556195,0.08789956368861171,0.3094860294896433,0.3377559233551356,0.30666751234791956,0.35792977532634673
E3.47.3393,0.6905608619673518,0.869936131905696,0.6699959654377909,0.35768003808027,0.34135054500139916,0.3171332134559207,0.24122801134015104,0.6016998073606453,0.41932749398941316,0.35239427867938516,0.8841973999471346,0.38127444377068387,1.1759316798973558,0.5085549195075404,0.9145496027893454,0.7800051829470983,0.9793235666996836,0.3413076956362981,0.09020874657644704,0.018796649890277423,0.4618235075027881,0.22593345783438007,0.3789243814570982,0.478121276512947,0.37418800388163026,0.6706123396857099,0.6626867283928014,0.6102294266570275,1.0206235490735818,0.7773630943308163,0.43254395408920265,0.3097084473366978,0.13055205155888153,0.3710423213114119,0.24560394185265588,0.5379011836466723,0.16680355973874392,0.2995784791101138,0.5542984211458757,0.35600545417225543
E3.47.3394,1.0075111195892408,0.977628390490524,0.7276985094439704,0.32044817261532876,0.221995740842809,0.6077391429335017,0.16578162888198833,0.2124833667668025,0.2794373871055859,0.5604028165327188,0.6489240933084615,0.17981354536724906,0.8950230871121803,0.562389176669918,1.0731858126637275,0.5049745102547821,0.9984530723596623,0.16954148645351805,0.07035979706011745,0.02046723275372222,0.22206586300505823,0.1560827860823994,0.43637963786585326,0.512753461928491,0.4756620547677054,1.2358360684196619,0.5414225396391712,0.8150296965993858,1.0561634242487972,0.89401514591427,0.26547636010173187,0.13018020846762285,0.7017780655631757,0.12248930782837733,0.10233302255746471,0.35026619945093346,0.7357610178018901,0.06678688846257068,0.590600592110948,0.3846583906990251
E3.48.3396,0.6481643248302656,0.7169532396747416,0.722943275761175,0.3623452454288589,0.2568238747152958,0.5657537164630178,0.25239581870018973,0.2929960264527381,0.261547825824212,0.38423958828197624,0.3201279469286503,0.2897681462955788,0.8139217662989323,0.6180776256980485,0.7551877784263885,0.701722679291906,1.0482703221764704,0.43637332419200375,0.18030327092109216,0.09451253218668924,0.4475699230394908,0.6737782078206591,0.2802321798429505,0.3138190765406881,0.46079727958170236,1.038641356669544,0.5720672480164138,0.7524619298477423,0.9334783323971536,0.858668459329353,0.3935245079411923,0.35242892114171975,0.3129129820393354,0.45948410451370186,0.7231372099072106,0.25167108959035084,0.3069782242388048,0.31326428301181075,0.399618101153318,0.43303952876276985
E3.48.3397,0.6696234356497791,0.998716020798032,0.6661162971392262,0.18795348103989845,0.5572924458797416,0.513215685896472,0.13721622435514688,0.19972383583106335,0.4522961905685651,0.24833847445770502,0.147116497178023,0.17961110445164663,0.8696264734162982,0.3168683866432353,0.8159262656686895,0.6053934045823545,1.0024504874057403,0.34275278137730786,0.2279924401861741,0.04934427737681134,0.5042434472244466,0.7754798699432338,0.15295484120518388,0.31746237609551525,0.44711116084114655,1.0311665111283288,0.5393033172361223,0.7443176763893571,0.9472047079002002,0.8192728198637778,0.6495869492362368,0.31649169991271603,0.5557675905965356,0.5156578355419827,0.3359979963336397,0.5008397827936678,0.25073384558519113,0.3156656085274781,0.7297678604466953,0.3633988335348568
E3.48.3398,0.6648710915614592,0.7614916156930851,0.628462148957651,0.33064996274051706,0.39936387572636234,0.4716223312991632,0.24165721706942922,0.5551781314868948,0.33104279183647073,0.4790248755732551,0.8086368055009776,0.3499065551221694,0.8810082497260501,0.577465095402088,0.7778495416508616,0.6030650172151039,0.9206726731174266,0.3283480016612322,0.5357684136904967,0.05101566551543437,0.3181688995505646,0.6441191617511444,0.10765968598235291,0.38093667781554424,0.3569187477030278,0.8046659404289597,0.6320595246793927,0.6733614795573255,0.9246967438004059,0.7261510600246065,0.4418647022863592,0.12435553209019361,0.5205389199485682,0.208905421408361,0.5790032160054503,0.4653665026626292,0.5478273463424088,0.32070931599405234,0.1472466609500094,0.3783435942574867
E3.48.3399,0.5680181828873622,0.7057113511221316,0.6569072674514624,0.35457566073044133,0.373538013631475,0.5153495222261408,0.20669663871048297,0.6168622837553001,0.681090632874774,0.42399272016476663,0.7541613202242494,0.29698450444744195,0.788031958120423,0.5109817802395868,0.719870087249525,0.5930735765204193,0.9102910599665044,0.17163551847758085,0.5134462275637438,0.0628855419470586,0.5349669736263802,0.2790324364589628,0.3503014935209176,0.44035302653988734,0.37367150608141675,0.7783745219047725,0.599532522040764,0.7374688445374299,0.9908239585748233,0.7721608388311081,0.7237361862864841,0.3160517603682959,0.39893761418827073,0.3955198826259096,0.3912532272719689,0.21755342836249078,0.29996453881405155,0.3224531271921969,0.31040052638766763,0.3433378103447892
E3.48.3400,0.6659343240576734,0.8487157287028461,0.7094886325045786,0.3559786069428267,0.4368244069066887,0.5916986093013177,0.17923238114606282,0.2994096846300005,0.4819173642753909,0.5759624301434614,0.18690272990456142,0.29164541263148425,0.8014721381976816,0.32830254108568946,1.059359424818829,0.6728630034772443,0.6969526825912776,0.3872795398062545,0.39311360149105773,0.08668071316636536,0.7661751631178616,0.8259099880795122,0.37499177083887253,0.3208675554998663,0.4133450816645746,1.1184524117934296,0.6656025657352017,0.8063625520658206,1.0430230414481532,0.8367415693613097,0.588707186705599,0.3493756896941692,0.31360570186603065,0.24588307001511167,0.11086966984132372,0.21204554462088493,0.17722791684821365,0.3699560196101039,0.2889196466912779,0.12220240225608997
E3.48.3401,0.9262459504376567,0.8200881725622424,0.7517828711547533,0.4315034471783804,0.21355841856969654,0.5409466683677872,0.273066967927459,0.3815492842860996,0.4996819968324807,0.4220483678735814,0.9153477969045101,0.6688450830721107,0.8284023057085353,0.3964820795784471,0.8848789057729876,0.5595320140774107,1.0136898733405157,0.344916529267362,0.3214231832779568,0.03334919685537752,0.19208456746272212,0.22185492157006764,0.1552091823646519,0.4964804414443401,0.37415317509666896,0.7331491280299203,0.5736412606710373,0.7670752578567421,1.0204998168363502,0.4218252413954041,0.4355899174274973,0.3304050777275359,0.3184557982388784,0.16916565955297136,0.6053940717804587,0.4239025686057569,0.738008740931635,0.31467920821179357,0.3995145170189248,0.08157089744040177
E3.48.3402,0.6340820432238524,0.6935814706837077,0.6568801922093757,0.3856131675244081,0.3077047491177545,0.28410992024294374,0.18400148716290837,0.5473580175710175,0.6770461621572652,0.39908409772631526,0.23879186924358176,0.2785694381233611,0.9034619859237116,0.40045007061279747,0.5195444066583256,0.6557993896232692,1.063418700826691,0.2093324373406219,0.5152904092150669,0.0762021072857731,0.720790659297103,0.12069484620914966,0.12489418408142565,0.2966800453060618,0.3963607933006798,0.7283163923453161,0.7332499957341148,0.4857425020628562,1.0909429486891473,0.7710501143746284,0.3036528573949907,0.32143535157573044,0.38077784694457684,0.5899817912884195,0.7660575651326427,0.5719847652953903,0.7390801557018591,0.37595272609174246,0.41765648103852365,0.4343741947063355
E3.49.3403,0.7719468595531527,0.913600492197236,0.7354241287237077,0.3633125935674489,0.47096345530249234,0.6238928724098814,0.27828593220723463,0.3422001225403349,0.5702008354077426,0.625715377633844,0.23013570134314487,0.22280644782806336,0.866758980685314,0.2783480030560962,1.013039822270445,0.5719001753255555,1.0007219970033978,0.39790358971070083,0.31952040581599944,0.013202022424724428,0.22132602955998754,0.11844898306658282,0.433184297388722,0.3387969642625656,0.24641829129899184,1.1555322445161824,0.8865881625814673,0.8143028334047221,0.71983475460412,0.8428650864361438,0.14966070394699355,0.3544639122963459,0.6913579125854632,0.1227403307143922,0.2629708614551376,0.5325929565565551,0.5664528790049197,0.31775488358782217,0.535367660493347,0.0794611687697158
E3.49.3405,0.5408589387585832,0.9472946659914737,0.6909900644895179,0.2523537410736984,0.32378939957469144,0.4717603937374166,0.23958240375424872,0.40766632336014225,0.646401842819852,0.6296944416996271,0.08137426953744223,0.4327978760712443,0.910008139805392,0.5678230552646665,0.8819472625757895,0.9264727281296583,0.9854367603590419,0.266771844971756,0.1314452118320046,0.08379959318153733,0.20653804230731826,0.7263315645538557,0.3703495700556497,0.32715529432184426,0.4359988249269832,1.1262788142968954,0.7190943596359578,0.7622363768440918,1.134140196277944,0.8298569108030396,0.5257680565643162,0.3514438712845473,0.3209782562560918,0.13276719668325165,0.2126619492649269,0.3721004118301519,0.20667808320018038,0.34226043382390936,0.3563497725608973,0.12274467003000383
E3.49.3406,0.7608466356525321,0.8549013364896578,0.5728450702248273,0.1729988332086144,0.11438049700580673,0.6676897475670247,0.1843666677595735,0.6035144291926855,0.6697675435048733,0.4418923664476952,0.36167250893952707,0.41010908190813716,1.0339244730901163,0.4467872164659946,0.8947084529436408,0.6996284428669858,1.1438768294973471,0.2926444089717391,0.6470025413659652,0.05691816273491024,0.10105620581348626,0.3212788295183643,0.23939992893555603,0.44162177310837464,0.3190737108165675,1.0104079061501487,0.6333005661816453,0.8716184342918184,0.9964514715000881,0.9326555363685624,0.41653822320830003,0.3677254799894173,0.6507266175885249,0.2509971524386807,0.17759984031007436,0.10437087012041882,0.22381249849528312,0.07949342341320144,0.37726547911423197,0.45413260085475443
E3.49.3407,0.9856868933857662,0.7314375224410661,0.7301176320493874,0.32479586006513883,0.16238420121722028,0.6476638747691652,0.16102288339537543,0.29245382096695,0.11498675100507347,0.576355261496767,0.2539121776140118,0.40081911257454245,1.2382386055293573,0.35157958356938873,1.1067495375800749,0.9089333013039869,1.0591218895915608,0.39712980053576896,0.4185187661836269,0.05113804327418634,0.056466311716999035,0.05825252246360213,0.13369713490392054,0.3956885647781761,0.4285032805140989,1.1118793044910038,0.6984131631403414,0.8535556456346383,1.2498062593510908,0.8587558156584884,0.6212603090445372,0.13833207639395076,0.10100873687649042,0.09766448708488332,0.5279799316694869,0.5284916238493992,0.44991755638240016,0.10404889843176454,0.5921098418265408,0.0811201000430194
E3.49.3408,0.6888728567987535,0.7027955705541776,0.7667361452569929,0.24821417187476685,0.26514232260145965,0.6120097300143629,0.1938338566721532,0.7175149406159169,0.713681943978612,0.6327073961653534,0.7541622727038693,0.2020740592258824,1.0801162056467117,0.48743718973983163,1.2165703583740015,0.5937170897836587,0.6814358722575113,0.4185552066180091,0.36299021266584963,0.02376834906389428,0.09781935510930762,0.6644400773204239,0.13151556312782356,0.4181243109120171,0.2738396637364248,1.0313528306386344,0.82310443839256,0.5308089256350108,1.1402699533877296,0.9381807325941893,0.11836374830823726,0.1353638861100363,0.31313429440378293,0.6021220872526692,0.25313248978547664,0.18031226167147557,0.16397983544157807,0.0718219396102246,0.5240832337134964,0.22589239479320608
E3.49.3409,0.6156036055535576,0.874375072089677,0.6695937921630752,0.3464547085017614,0.3447863413573392,0.24079043566898078,0.2733527493315853,0.5267106810075273,0.1640934510894194,0.43220855874225883,0.797772776221027,0.2609341676878384,0.7636989600780418,0.42777736480829864,0.7524302007866526,0.6464767162578358,1.0107315268994246,0.3730386579039917,0.595820879814211,0.05995173090159651,0.3948620787241206,0.31442396997798716,0.39729821601773746,0.340923680697665,0.4314019763092313,0.972531564574636,0.7531673207831235,0.7796203471479497,0.9093160745682829,0.8501799236376468,0.29915574355605135,0.34361139682498065,0.7012575364385958,0.09647342103530317,0.11457053240098979,0.5998129017662849,0.6499638883162545,0.35000562063149243,0.1323007564011199,0.3925184134682184
E3.49.3410,0.8858750057588939,0.6902127861554901,0.6438733117467463,0.2994936034500338,0.22715577281512975,0.46145207318473735,0.1427653746897003,0.32332019466716494,0.37727740830842565,0.6223589754591192,0.349840764973727,0.4666931984823034,0.904369714658152,0.21981006398680178,1.040802733481387,0.7423785878892519,0.9419486299332445,0.3812052016016264,0.21812077029495575,0.020579581022724804,0.5383332703055564,0.1470936252317073,0.4077569387566058,0.4769977729099871,0.42574889130237514,1.0745277848837942,0.46590717761637507,0.6438022555647132,0.9654743278198498,0.7820609743074236,0.6519134106160251,0.3042640241004866,0.56765965969922,0.23620378783636914,0.6701502713174989,0.08645861318890205,0.2706766071470289,0.2997778690648418,0.6893823687462494,0.3362753915105501
E3.49.3411,0.5929602302614996,0.9191816649439398,0.7187622509467845,0.3738653464164883,0.30617748898609953,0.5051596080732002,0.26831461427665965,0.3103665351595051,0.3177215793686665,0.3606326822706517,0.547048749002668,0.27260608345126663,0.8634339719906672,0.28611622213778853,0.72744323127309,0.5515199941400877,1.0033632244232433,0.38340657562508323,0.4858692582438213,0.022214629646790423,0.26315195807450426,0.31521328853992,0.40604917411604224,0.4011309895795802,0.41489002020701304,0.6322489511475576,0.8357713185967502,0.8579254007790056,0.7790524919881217,0.7851925392004002,0.5564563701170184,0.09875290136970352,0.7632966838630014,0.3387678306228102,0.6794975114358551,0.4102950595732312,0.12251205065747726,0.3473451454205693,0.801781742480152,0.37450566805044694
E3.50.3412,0.7677878989323881,0.8538373014105088,0.6243871731332311,0.16685385626250948,0.300106907991527,0.5508114981632724,0.16310687543822971,0.1545753006217825,0.7616732208793529,0.3697911582095227,0.21561667586631436,0.2686797495219997,1.0096550247872478,0.46345838501087383,0.4619397406125349,0.6505253151724394,1.1242182070710562,0.3426136447523485,0.12814371732976307,0.05755075240729234,0.46736282558594644,0.5478403619381425,0.16438740039638225,0.47583842484066796,0.3109307464115506,0.782208031898755,0.7086926506152424,0.997407001487403,1.0148365400761212,0.37796027503178725,0.7878412288805057,0.3932253060135985,0.23504105314995505,0.4295698867415073,0.4391335021757923,0.6998274310354519,0.6372849517937581,0.3845539624932425,0.2540027061136102,0.4567222905005933
E3.50.3413,1.0355895420662051,0.7917630751585176,0.7370558349812252,0.344401542124918,0.26473382658414213,0.6661298554634081,0.12800103473654562,0.2359425576994473,0.6580569394023021,0.28011372491719677,0.5282045294041987,0.2191620698624779,0.9935333537683098,0.45718417402927336,0.4569911320743345,0.6465423710062014,1.1146107119272641,0.43811434061996396,0.3593499976804521,0.12086263457546363,0.3416951720517814,0.7002052769789511,0.15065918219604468,0.43075263249279516,0.29735180447119225,0.742490078878975,0.6876686021810479,0.5878894321442163,1.264585413929607,0.8990491267697349,0.3106245738426423,0.3930550087498635,0.3995649862705719,0.6154870263910558,0.2878265724076691,0.3743033625762033,0.15692614302844618,0.40626953230790197,0.4004192801102699,0.07683166244321335
E3.50.3414,0.7558528455144378,1.0019178955703527,0.506476732615118,0.1967702459486039,0.4051252167924168,0.5068548254373335,0.1401686070547551,0.05369218584032957,0.5057458468455469,0.35125826708694513,0.45518111748927265,0.27153714982589383,0.9111988953866458,0.5225712841925498,0.7684407517776624,0.713124567279913,0.7779218685615938,0.43424918771033594,0.21449767670196523,0.04569422845881487,0.6163620375663399,0.2050123984846744,0.39341376052459487,0.44702569422718186,0.4629990363094537,1.0196556470508917,0.552628993532058,0.789960240552236,1.1886401847492385,0.8375086992628619,0.5397529076552797,0.3504353631694711,0.5968345994293958,0.1782636991078422,0.22181327872407924,0.6539079304722879,0.5481039274728494,0.3579349322390625,0.2716414403442533,0.22982257240791648
E3.50.3415,0.6862158908020832,0.7681626001120484,0.6997248022826491,0.32102896856718444,0.09898061655174244,0.6286297119609604,0.10681457279221591,0.3592809952370373,0.4236955373318472,0.3689124341160872,0.8273774762796773,0.3204739664138381,0.7922388840487823,0.5830779438105502,0.6885252443233987,0.7300992200488766,0.7343296618440223,0.37900063853755267,0.19125217480130258,0.10263298818644294,0.616836358794117,0.4409054925620436,0.3953901025165056,0.2412222515827525,0.28751267117691615,0.9020044891686766,0.5381843287941339,0.8125713359234659,0.8716302760869615,0.8561894488219175,0.6962446861066602,0.14941162200732525,0.5265703911597344,0.4302805832315792,0.7615837987070069,0.32683232639952103,0.18129952985651512,0.3911376298794508,0.38864333579547794,0.3750947191890088
E3.50.3416,0.9772073374546785,0.8849547067166819,0.6857926215024716,0.3284565538166204,0.48708298801017164,0.5017191336300222,0.11948616527889387,0.012348837409647184,0.5055696317933445,0.36994169856510195,0.4439622739218828,0.21485470927882616,0.7383542061010878,0.47682332616645934,0.7175575022146805,0.5936948251266401,1.0124324755704261,0.3485694283083796,0.6590888688625961,0.050614752351649375,0.3597363618692265,0.36908218555324157,0.11772321284898851,0.5078550423809357,0.4000955535448474,0.9860764948576648,0.7924076509809794,0.33200855750912045,1.0237493322966775,0.8346621648756947,0.4470807330597816,0.3276778998934422,0.5287115669873084,0.7145754342297568,0.41202493611194024,0.10571740896394963,0.7324051151255204,0.34329438365874904,0.46815599521305795,0.06844837853285556
E3.50.3417,0.59377741160504,0.7263629404123743,0.49850205234573575,0.12236448142999905,0.30821357616224926,0.5878015324907967,0.1856419506711893,0.5589131225466127,0.17601332383263274,0.2596165019713386,0.798479679282267,0.24261581111000424,0.9473499784553665,0.4573810399959971,0.8096744403128332,0.5998752335961274,1.0543821526451942,0.3320780015947414,0.31054288467731994,0.07327217487273818,0.09460371283633136,0.7006671062439973,0.12417081341123826,0.37701771755364705,0.3989879789322979,0.9660302114447676,0.678082973007895,0.8234415925861637,1.067806867536188,0.8213305915818493,0.45166269256389274,0.16146152447647347,0.32878414111840626,0.281581574102554,0.5611403993600033,0.618580769913003,0.48788244623117105,0.19055868923007646,0.590443545829336,0.6329073741880695
E3.51.3421,0.5826879650163708,0.9479109599971652,0.7337768859034409,0.39295111852203557,0.22023456207271908,0.4138246283467703,0.17820529469040747,0.6090268233075978,0.7926333341054228,0.33963944407990243,0.5931926011349344,0.21314137268434155,1.1192689968939638,0.404833405387109,0.5612307765854643,0.6026698818464741,0.7695295541109788,0.23843914896103285,0.1302151811603109,0.05003574485081765,0.6693441618766989,0.14154491086170995,0.3969345592909642,0.35234243512347585,0.25083221041552733,0.709773329161459,0.6815433487477458,0.37695173316509106,0.9789383058377468,0.8475592478578947,0.6513218788168668,0.1747268907640593,0.6065398895148509,0.700994424376872,0.7146669816768978,0.26230517526850894,0.602622400331919,0.23031222199244136,0.6393970495650524,0.11790403429490845
E3.51.3422,0.6871482322154467,0.8850061730333395,0.5917736947158683,0.27952998322587214,0.2733288318654153,0.6338580378476742,0.1548416326913681,0.3165078938217686,0.3237187056687989,0.45783053612307245,0.2323450093072698,0.23851108708751595,0.8332461409009555,0.45536159717251573,0.6162533034986427,0.7257605384335644,0.7972565826745761,0.11921591848130846,0.8068937157233371,0.10325988956954306,0.5171543183460265,0.842408617270665,0.14570292368230364,0.3105115247462419,0.5179708324572746,1.009073963478337,0.5701596420578223,0.3656485952904207,1.0905573664642105,0.9701379481894465,0.3036381502953146,0.4103511384026833,0.3666410720271577,0.3110630413212211,0.696975719364986,0.4739094953086697,0.5558652897070392,0.41761574725358097,0.5062001131027458,0.08676632718999774
E3.51.3423,0.614056007243108,0.9153569813061072,0.5125498892011002,0.10280944061534356,0.3235880131825674,0.602003775107673,0.16267959713102573,0.5475520352970132,0.21399466385878785,0.5808617305801719,0.9526548572415527,0.25971884986045535,0.9221632622906266,0.4223320951397025,1.0666753086501046,0.5696664953312689,1.0693071734972295,0.3915511700688975,0.34109339580146697,0.05462810636464123,0.4696755527113352,0.44336939766369576,0.3840940346600472,0.454024962858507,0.41903601939307533,1.0868630772523082,0.7577454884926843,0.373492887233059,1.0394200919463557,0.8191649836845474,0.209018116850619,0.20419253004304366,0.4692411202255383,0.4037639698063813,0.12783833327384078,0.11002404976257003,0.1719278404183991,0.34057767770515746,0.671534805270844,0.4197490691966163
E3.51.3426,0.9655457363244646,0.7811541847626953,0.5329203266159513,0.15469458574946776,0.33987264597649197,0.5966048284825793,0.22505712460843796,0.2693077317814777,0.6206186407816622,0.45163666155240767,0.6846508391042497,0.24311136545198164,0.7952705122575795,0.4097587322927489,0.6861866785580111,0.46755122678572236,0.6596091321748991,0.37944809761007825,0.7771866675103513,0.026898050507195084,0.6939803752282204,0.0784160320812743,0.4459244689091114,0.40649770820523456,0.471661951410895,1.0338709560662853,0.627901530831327,0.2839255300703774,1.0510512631540034,0.8490319194685115,0.07709267402764437,0.36136799869493985,0.7014402867825018,0.4706362500548401,0.4923747991166249,0.5567826418980308,0.6459763297555121,0.32529296127814755,0.29380134948505643,0.0658888149329204
E3.52.3428,0.951611662824067,0.7878422139423022,0.5205762083936044,0.13047092928422474,0.14577720227567928,0.5387425573751357,0.18245468279795804,0.697494407023036,0.3853884830483289,0.43305931827932737,0.22277267143022222,0.17369418662741754,1.0191736193950942,0.3613597914098077,0.5362226188262627,0.6406689859430315,0.9260404104036466,0.3813061151893318,0.3269474030664745,0.1081075739390899,0.4214032284565908,0.8120015184989448,0.3884954158371345,0.5045635581509937,0.426519331764199,0.6733223784988547,0.8121551209087586,0.452497655301721,1.1355704977975245,0.8252348063265136,0.7461421717553264,0.3524162824921245,0.23145827131687452,0.3472167243246239,0.26369964582965794,0.5508807114623452,0.4720806578107097,0.3886557333317161,0.5528159802251875,0.17316072965963175
E3.52.3429,0.7321183109733969,0.8755115434611376,0.47807286205963345,0.1872097418238159,0.4584681732790234,0.5116779495229362,0.14029522257191038,0.5015417219754658,0.6256666323314034,0.41004962515978255,0.5584822210790618,0.21903855509121378,0.8905099854427376,0.601039496632224,0.6495992520603074,0.6583684518646176,1.0340586506971716,0.3940599588926696,0.1576687019600663,0.11141970837457396,0.7028454659441634,0.43489232691047974,0.37427429520968203,0.3790597159378928,0.24136609608152798,0.9094537032151581,0.6548155358754928,0.7937007468437141,0.9161106044530781,0.7764988527543759,0.6173789526255895,0.3390729611512362,0.33837068901783707,0.5346075844673638,0.16710006038256078,0.1602763514960073,0.34776142927214715,0.38558535028582686,0.3230723523038699,0.40889790499586187
E3.52.3430,0.8919839728887892,0.9228502432753855,0.6332426883750448,0.3114643557764606,0.47554005036109315,0.49737804318759476,0.13605284285474,0.06471459389960107,0.6133510859677089,0.29857701219237287,0.9113839246299333,0.173227463287653,1.0893481939201568,0.33517639114923437,0.5537862253599373,0.5086275878530294,0.7150062881363957,0.3616781136693064,0.57807844152755,0.04323767282753259,0.11688791681622697,0.19990954377435144,0.3658170202229024,0.4598363636979272,0.3775400021429147,0.6260097394798129,0.72952958853292,0.7001654896688301,1.0862649167741627,0.7399983669291796,0.6128848825415878,0.32429634318011064,0.36196703362541005,0.7315698767975289,0.15261887057061707,0.6133389944246057,0.7078854264368902,0.3107326996455123,0.6116845947955024,0.05635348745329064
E3.52.3431,0.903254264931931,0.7878084222692618,0.6466894191341117,0.30610989329941996,0.1481101848949936,0.4707012591511676,0.0740129666983724,0.3776936408637032,0.0877329014418103,0.40761931453652245,0.7008976530273181,0.19539900269256,1.0198052232166708,0.41735225520604735,0.8181740229642115,0.5372093667566804,1.0212986427636501,0.3349031827360327,0.3888782508089471,0.0601603182376158,0.5971314067542409,0.12965147868042975,0.36565107041807626,0.26607604200424434,0.3963538113526934,1.0410491601404464,0.6509409431723554,0.6674040743223548,1.0425358516457048,0.7847928395522193,0.11956807644656418,0.32894539356625235,0.5666176509855767,0.7043088724671625,0.19604838538888486,0.35726030685700494,0.252578495575157,0.33641781517717834,0.7661127400394914,0.7267444866601517
E3.52.3432,0.9079863961147304,0.756376920430917,0.6712248194455638,0.32000157799111867,0.19385534555311956,0.5140778844236972,0.11180989846043782,0.17555652299993327,0.2934146815767479,0.338238819496956,0.7162759097116984,0.18163189249996023,0.9232434878474973,0.5355405691855178,0.6442931715633731,0.5344907719427502,0.9747394254525285,0.28006040344492233,0.1925248358924065,0.11645068770190907,0.3943379030747541,0.5510059177724671,0.3664850186827798,0.3291544351830351,0.39532071345596886,0.9484349916580208,0.7206757332673404,0.7780614813897972,0.7094395045209119,0.7867476087609673,0.8450602227373905,0.33124771683566673,0.6260908674723799,0.35222879575538224,0.21228600464709313,0.5501275385678983,0.7493162645262678,0.3665562811078087,0.49718898574177306,0.10843903315932144
E3.52.3433,0.8868508986474042,0.8291566034021394,0.65592322203721,0.3388691809304043,0.38774565193832145,0.5310461186260426,0.23562667003659316,0.2671733997478414,0.506454280482854,0.5824342707257428,0.6056742139313939,0.20431250908269316,0.7712798296944997,0.4708524338461426,0.7249925680407845,0.5515876155907474,0.8948468005075741,0.2639251249918198,0.4036741166622823,0.017731073000579568,0.6013034951866124,0.5399254918000568,0.34980067879862065,0.35441710105614527,0.2592204298972508,1.0391645906924885,0.6925806245779217,0.7092540305287109,1.0548556564286586,0.7489802006607452,0.5931337313674134,0.2827016791842616,0.43532060826826086,0.1961456081899062,0.6286406658317547,0.26278340189117055,0.1294721390973194,0.31366446048927377,0.595338795356216,0.0831400626885627
E3.52.3434,0.751990064671602,0.7755038184503776,0.6813651931714932,0.1865203044124765,0.13386989019606296,0.5828495694773607,0.10431873214134635,0.49706016959459565,0.38051544612143373,0.3239154804365131,0.8123479491807635,0.19417477139118128,0.8923972513675753,0.4147727083276737,0.6227015182454809,0.5135113556161842,1.0003895721340983,0.2996023574143619,0.6616770987279296,0.0377078965132073,0.7155571752154062,0.41485609946838,0.377501965511023,0.5144838972754481,0.40057643391624675,0.9188677593812724,0.6901271938002927,0.8348026474566069,1.0415278184785515,0.8036139715751781,0.4232611367099439,0.13572693039056935,0.594732009289191,0.6644727830927302,0.15189088549073418,0.5032258163309968,0.26684528866805485,0.3367614215513365,0.13333429784120632,0.21064463719730656
E3.53.3436,0.927429185140328,0.8986056297522195,0.700340809319878,0.37709844889587696,0.3029165926446602,0.5384814382379772,0.25717117492885694,0.433560359736009,0.7014546329606253,0.49092352128302497,0.23521019906353005,0.22355415285678257,0.6975676859833291,0.5386175631866501,0.8113912062470687,0.6194255768445158,0.9268444205725807,0.36903796337402506,0.6191320307430429,0.07868559691968202,0.6555183402902001,0.4639852224923343,0.11016549828972323,0.4794417923100217,0.40762714038283543,1.0782391944082155,0.677877528853276,0.6407773543392074,0.908063976573788,0.20356742425271046,0.32640149366113674,0.31624612352021975,0.27121298489977463,0.396135093868566,0.4971846964710549,0.39357083665519055,0.3154385112665433,0.3379219999373615,0.40041150802706615,0.3727650220496743
E3.53.3437,0.8934057099068804,0.7361856030318384,0.6897635200219132,0.34706754466659406,0.10252042453794202,0.4673269190196322,0.014598917971713114,0.5282805200375966,0.2809023263759421,0.4493417703051495,0.6784032724289708,0.2112128647630529,0.8255323015958336,0.47778128698859923,0.7098933185009842,0.5606874697064326,0.9062714714067368,0.139129726322622,0.4591701896708137,0.06344756629203036,0.4296007766923234,0.7304735151971757,0.11533434001519069,0.4666209021261223,0.4014809153398942,0.7787451223915348,0.7727586109532141,0.5386912220752799,1.0063117040462597,0.7895920111468117,0.19730939026792021,0.3403339920936894,0.5970496672453267,0.21586308926370829,0.6237493817124115,0.6632393658198082,0.28167703959853096,0.6430796577953111,0.5206651932364911,0.3465012063604713
E3.53.3438,0.8875096751250271,0.8569021388724815,0.6383607228884969,0.35124643859069626,0.3159420125940612,0.2665943812589884,0.11626040455348527,0.2634179674773596,0.18221199840692276,0.5520745442079198,0.10741563588783601,0.4240268138605241,0.7187704670146086,0.3837825263635676,0.88839173384505,0.6244988650140089,0.9282343058498725,0.4109560953621467,0.5053635363055935,0.0823845158919848,0.4792847525891438,0.48621683118068576,0.12342666613794781,0.4806660548222036,0.39093079791006524,1.0531391741991147,0.6990823478469546,0.6878643586909113,0.8661698555886638,0.7714559124093923,0.7076908773190809,0.32595536574681316,0.6905466709733845,0.2511125029845237,0.6665247823810835,0.6069841259502698,0.40090735732733757,0.32743827981423723,0.42490413205923405,0.055352899799003916
