,Histidine,Malate,dUMP,Citrate,Glucose-1-phosphate,Ornithine,Citrate_Cyto,Glutamine,dCDP,Glucose,Methionine,AMP,DolichylphosphateD-mannose,Lactate,2OG,GMP,Hypoxanthine,UDP-N-acetylglucosamine,Propanoyl-CoA,Acetyl-CoA,Putrescine,Deoxyadenosine,Succinate,Cholesterol,Succinyl-CoA,(Glc)3(GlcNAc)2(Man)9(Asn)1,B-Alanine,Lysine,Cysteine,UMP,Pyruvate,Arginine,Pyrimidine,IMP,Choline,Glutathione,Glutamate,Leucine,G3P,Citrulline,ItaconicAcid,Argininosuccinate,Isoleucine,Xanthine,Threonine,3PD,Valine,UDP-glucuronicacid,dTMP,G6P,Proline,Aspartate,Oxaloacetate,Serine,dCMP,XMP,Spermine,(GlcNAc)4(Man)3(Asn)1,AICAR,GABA,Glycine,CDP,"(E,E)-Farnesyl-PP",(Gal)1(GlcNAc)1(Man)1(Ser/Thr)1,PRPP,Dolichylphosphate
E3.1.443,0.15356555878964562,-1.633780480543002,-0.048083422230465925,0.526819055010816,0.10278237386033706,-0.19435302822916734,-0.17596630729183582,0.14869196622584946,0.45761920322246685,0.27375492712903204,-0.2242633194229473,-0.44220430735697613,0.1327145273354038,0.3047135022685804,0.9325654089334293,-0.5762009471455168,0.110913388864186,0.4996773797227797,0.024698329565213895,-0.9926318527194791,0.33132026178847,0.9002727255495786,-1.7564860449347561,1.8191578656111993,-1.3682071085722294,-0.4450387935173794,-2.3420925233663836,0.07947609997846444,-2.8431960001109173,0.35827452792176007,-1.2910565422659,-0.15160450804874664,-0.3231011239023227,0.5853865117643866,0.12699459860770684,1.682329781646902,-2.0837697913012176,0.15903724021228083,0.22556879799478446,-0.007893541184104347,-0.39293605726771963,-0.3336138539434146,-0.40085423971986067,0.22429416908056277,-0.003858058389397012,0.6868835500609403,-0.08978211835763075,-0.4012421634413317,1.6396437588024202,0.7148550315673732,-0.345632944694535,3.032506354531093,-1.450949863084272,3.7279348741498293,-0.3149521447413597,0.25434908775666426,-0.7098706861448547,1.1682084718095325,-0.8078153602160862,0.06312200102336035,-2.7658864772537464,-0.7352015634007772,1.577464578273553,0.4509056401954195,0.483887871310428,0.15000524617979405
E3.1.444,-0.06309792594800212,-1.2230885362727753,0.7407330496199861,-0.3881967413577465,0.33045891128405414,-0.30511194302408023,0.11452550650918836,-0.25409034985431456,0.1281891412265033,0.2788084077700077,0.5589718504066115,-0.19488000787467952,0.48334083626501345,-0.22535724670139207,-1.0599097871291154,-0.8704085335752189,0.6479669256348727,0.8381661152944903,-0.21809933171974283,-1.9188432485021762,0.35467980366667595,-0.020901539213615705,-0.2126768954233232,1.161916949565574,-0.42585054637782893,-0.21329950748927878,-2.0160208904625696,0.10049009052329305,-0.9914126338089186,-0.20851917701016598,-1.1784819713879027,-0.8100750034046245,-0.5697704879397855,0.8530074147385966,-0.4889426421436637,-0.846289123576192,1.4647341461559464,0.033308448910783994,0.05151285031541919,-0.22599505437686562,-0.1885842738617457,-0.30094092651346693,0.5600068674920908,-0.3272409209895803,0.24328655115962605,0.705501526966366,-0.5620721499984926,-0.49536108443372195,-0.6309032516627591,0.8569864305968364,0.05019304167297406,-0.08487346663608131,-0.5303333305736262,1.185641584603907,-0.49801305662261963,0.25425999022062606,0.7658801547413354,0.27109748442575343,-0.4778935028302198,-1.6036490414336244,1.4544449057858744,0.4536419351431975,-0.3315407480509127,0.4544915728353726,0.41757992976672975,0.31435572830375114
E3.1.445,1.0884762066927878,-0.8195612538993592,0.5162752899840766,1.0826239235030588,0.2929249363052455,0.060494743125876715,-0.0695577119336952,0.21172873051763696,0.665149393385148,0.23872581478326205,-0.023948309214233632,-0.06556586225364436,-0.23430967681770076,0.1857895896165891,1.0186616954230918,-0.1816985893090598,0.029262090646112515,-0.06186687555034287,-0.11787031402929427,-2.065287837147496,1.0949097222978423,0.3908245689613621,-0.917339457062523,0.81103562884637,-2.5314175657101057,-0.3404771624187777,-4.009496027613725,-0.35326890712221815,-1.659658024472511,0.06577063585128948,-0.8459363045215068,-0.18173783521119247,-0.6369653763606327,0.8867144601923784,-0.32443443075725276,0.45557065722144774,-1.1062667954183287,0.2704101453956511,-0.017921686576981344,-0.05002086985609333,-0.834047822662485,-0.42761448671521873,0.2531717710439406,0.3515838775658823,0.1353219430232,-0.17746200493857278,-0.06485009467097202,-0.7153969718993263,0.5094615412895719,0.8646534346622292,-0.5764301835021162,2.894789368664766,-2.1415030371938277,2.3773554396040835,-0.40875381511840037,0.28367213633191035,-0.6430898838347371,-0.4216622031084025,-0.08919505525534321,-0.9000711365938736,-1.4815953024528477,-0.05692335237564078,1.734369192516485,0.567164223650244,0.15127799169574052,0.6017323455155161
E3.1.447,0.9307694069262247,0.06729019492599997,0.36802323748869853,0.7601467574648408,0.5863947130996978,0.2628483189037397,0.0753930217383969,0.1863376129683405,-0.36316980560563267,0.09110546524688079,1.2260548992796325,-0.38887308702221457,-0.5345733299972978,-0.4208493882391654,-0.6000126491155859,-0.4879112422419938,0.1891647238116782,0.04762906700024441,0.4938116222157245,-0.8812400588872489,-0.660099590994535,0.1630208536801101,-1.1064611074088906,1.306811327372987,-1.1630698211817319,-0.6369125007774669,-2.109981979016421,0.05108019915198775,-2.186982627270238,-0.9699073735893846,-0.9919825267858097,-0.3878451800231184,-0.8233733615759006,0.27959871684707815,0.24624768743677755,0.5012250248878001,-2.3287008053191953,0.32429602382645584,0.13324764990771865,0.028857909293711126,-0.7353110545762364,-0.2482942928727263,-0.18890491878772536,0.863252834060549,0.1195147895312132,-0.001004678683883875,-0.554690462395169,-0.49439387656471667,0.4839672128888505,0.6186079290855915,-0.5178587579725068,3.0755423319511266,-1.1995801719238335,4.1056329159304905,-0.14406467983183852,0.5861471933603185,0.004277511732248107,1.1118630550476252,-0.04169229205026255,-0.30932469061631207,-1.3853503265031786,-0.16496562430048717,1.6303464663060958,1.9389075661009967,0.9104676472844488,0.3191997007449243
E3.1.448,0.4440495677075232,-0.35417654094243756,0.44236427202438294,0.4030796634599989,0.07295647102750147,-0.16414570675748003,-0.1945340412141472,0.23428159106699153,0.7164050455023164,0.1407691913930167,0.10383528004515563,0.07434855446856936,-0.04222680007285251,-0.48944644013114214,0.4365471580220276,-0.804401883148581,0.6006408630764819,0.7107437438919383,-0.502531747938868,-2.727036926109066,0.2623115816435927,0.39027822495501696,-0.9926497392013002,0.20916334672253178,-0.9922448502753667,-0.24816148415456304,-2.946003251878297,-0.0729620330655375,-2.4694103399290066,0.7335432414507315,-0.21102709393813657,-0.16014183812426197,-0.3061585039077609,0.8032465792847336,0.01496592532113139,1.0973128493572322,-1.056668309243305,0.47598905113041745,0.28528334617370854,-0.03187734868391945,-0.0957169191698587,-0.4821914887636294,-0.33586669193126634,-0.7540284797254432,0.030425076092288617,0.09911114117597575,-0.6386402675858238,0.20671539452210513,0.45978582137494667,0.49189295407485734,-0.7755209972165282,1.7948570222603073,-1.7277189148357435,2.379671449003391,-0.2956366517909359,0.35708519121178234,-0.7375678345306133,1.528484029035389,0.016209461193652325,-0.5129148892285155,-2.5856981272921282,-0.012815326804827928,2.359532430754821,0.6783143857653943,0.30458915312727,-0.6075872526620368
E3.2.449,0.34908784824611827,-0.504670235506861,0.37984686488659525,0.5407701529995004,1.5928006851652106,0.08535194120290124,-0.009715758062536217,0.16628638377274152,0.6665286423016712,0.24471834869967068,0.13578477531113142,-0.29145441806763417,0.5396079157226924,-0.05138008006261885,0.7151712925652266,-0.787586587140422,-0.9699466776350448,-0.013905285067914747,0.28952817924318563,-2.012639155208192,-0.20555629961977098,1.0167408960372952,-0.6960660579530248,0.526896743901097,-0.7889126813672076,-0.9334842628652437,-2.808367403213615,0.19933999905582894,-2.9652334001720244,0.13776545634341697,-1.0425515091822724,-0.9189438129472269,-1.0079313539087364,0.6392854838445885,0.18600056142295085,1.4027751043717402,-2.2059459988962598,0.2850289911029149,-0.0649186742889718,-0.1877811941075982,-0.8859133965821719,0.03467319186454265,0.2872614372258186,0.7937164146636687,0.12309618383352605,-0.054278588287849594,-0.6831288460400513,-0.5432977518996984,0.13917172213976148,0.2421919555741514,-0.44440433300248394,3.355596289385853,-2.0381209933118685,2.793936323499129,-0.743982093030834,0.2245265920213709,0.14235732550543678,1.074015821275156,0.022854204419666013,-0.42285120582476865,-2.304792545786589,0.24977185138056668,1.8679161851809023,-0.05404563851632002,1.0651510797643429,-0.4709103877330273
E3.2.450,-0.06566529931589904,-1.0163966910953786,0.21030327094337628,-0.0897729947599486,1.2157646788890895,0.04959371548820157,0.05096986527222347,-0.18987720790907048,1.3757131928087367,0.2729563818133527,0.13712952319283955,-0.32227881880787956,-0.7542063860191838,0.6090091161201743,-1.3577996834511419,-0.5239468453984295,0.448666428508397,0.30482471622176943,-1.0445366845047488,-1.0185868365771018,-0.30685644571984233,-0.28261179352859134,-0.48180897771150527,1.1716483336008583,-1.8219753353939947,-0.32530554985043614,-1.233701139434526,0.03344447892312924,-1.825172371541231,-0.12238963409602849,-0.432451056773895,-1.2365248157851347,-0.43663686398186613,0.8249075442555727,0.31379409788557244,-0.004085553323097901,0.8217144937245524,0.21037563784435687,-0.07983061104581823,-0.23401273858860283,-0.17381795456306648,0.0737003125814113,0.26618073163783146,0.03432671829870093,0.2694799529174283,0.5509692253505765,0.7742272533950081,-0.6088132940770589,0.2805909206559558,0.16800593909271688,-0.5762235360393051,0.27178501190830606,-0.6350217526552465,2.332819601698995,-0.9610018437578023,-0.2367675448271228,-0.3661057664265521,0.5143296134681885,-0.6787161879442178,-1.1720331884641644,-2.6786150712150363,-0.34347902838575656,0.8700702595149372,1.0761703501259288,0.7515728355073068,0.5987505966799507
E3.2.452,0.10854652303140222,-1.1933164896762083,0.5547912918957794,-0.5496812762261603,-0.35775406774653284,-0.037676222705492035,0.26485762754009734,-0.15272749903691674,0.01778670330531449,-0.12168986829553363,1.2465388082227067,0.21639432178899698,0.18763568853301166,-0.19745742251982423,-1.9539916489637594,-0.37768876619943825,0.16148222527367662,0.808073505137116,-0.46895594814990416,-0.18855219437493725,0.7146049104744859,0.09711351027237514,-0.886628740732559,0.687077677851061,-2.1640224220441384,-0.49587249377675024,-3.8557481682355386,0.08379859080169497,-1.1045507203030884,0.2305009477575718,-1.0960622146270484,-0.4798995395776935,-0.7741768362736363,0.6389809576974201,0.11156749237106811,-0.3923831335500525,1.7815250966612821,0.010942782240575433,-0.051447367192490656,-0.3009580894733688,0.3327388428015532,0.1332796093920161,0.04548440143522392,-0.6917559322510856,0.21379962445992984,0.47131475455700744,-0.21169100201319502,0.17528065178660285,0.5547634468940646,0.7974529739840972,-0.4507757058299436,0.7896771753384684,-0.04001795039063316,2.939595567502866,-0.33779092165148356,-0.13902262724543082,-0.9405825907341792,1.24878636972184,-0.2998860684920323,-1.5836406340672424,-2.616398230826878,0.260360746874407,-0.11957648460981907,0.6910858520633347,0.06837092644346887,0.037366639001472565
E3.2.453,0.7617400545253681,0.00031778407202326386,0.6491664540333448,-0.7390371203559098,0.6653973698810814,0.09709662674099834,0.2411617893443898,0.17541694638131355,1.458650380137014,0.22385106841885172,1.4189434363602855,-0.19120927172374635,-0.09835130022941238,0.1933912306508232,-1.820689368106086,-0.6885773071542685,-0.24145229826941395,0.3146594170138583,-0.3444118126467026,0.047317216886852115,0.13722959978031485,0.5964262903077715,-1.0039115139821182,0.7790418982708696,-2.2244589110576163,-0.5543761591978962,-3.386720889855555,-0.12098788940220365,-1.3959046815690015,-0.9828324644451697,-1.4327004632943587,-0.25505526998258327,-1.0003739148053226,0.67647649636092,-0.2967708371673501,0.2258467200377443,0.47687675228073445,0.03533464942718556,-0.12560667045353746,-0.30610647726834883,0.844630561084082,-0.14681971273704653,0.037420833035381317,0.4285692490726319,-0.0007524456562075788,0.7050555785840055,0.12456647475876981,-0.5160851281652947,0.6431350388856742,0.3222989504785714,-0.4060400462902863,1.6397722569309008,-1.4265730581884435,1.6341026124212261,-0.9390082685475661,0.09211376738035085,-0.6934891863439444,-0.09483063886366083,-0.44855444705856234,-0.9959847393662103,-1.2768968708049744,-0.15215674670585533,0.18246171515391496,0.9318082875097378,0.7949352060170018,0.21160693398236807
E3.2.454,0.8321275933056259,-1.6114787406494782,0.0414741258651839,0.4899516769760215,0.6901866211508951,-0.4240348195394109,0.17943172832861976,0.1044981766603752,1.0999701346792548,0.0797036483210869,0.7997279034017049,-0.21211030071184744,-0.4504510085123274,-0.058879607912986465,-0.4362081009433253,-0.3392234893761483,-0.2599965360468504,-0.3146417613135394,-0.3794649204881666,-0.6584963266061181,0.48860085717049795,-0.3439375689300814,-1.034034389398407,0.860829934588554,-0.7761263437900205,-0.622356234172794,-2.416347479479251,0.11278612344669782,-0.49466951636899825,-0.974137620411255,-1.2374851635234667,-1.3808152692735416,-0.7318809852495668,-0.005027894900137664,-0.06896148594721785,-0.40365009034246047,0.4636038899849586,0.17661418169033283,-0.0337243784505703,-0.02559418443262307,-0.21461654848761957,0.11954151158009751,0.04361003788284833,0.22514736956233888,0.24421824536395453,0.46600336874143544,-0.14861086231163317,-0.40470736521323536,0.37711959202599443,0.5917364933572751,-0.3159387490150405,0.8291354468037186,-1.2875197690299052,1.6243923492600754,-1.0091180868784946,0.8911138935390757,-0.9573383599147023,-0.09136889453733854,-0.6634346756197075,-1.2600539447468044,-1.4509609516557507,-0.025056519302750158,0.7438560044191891,1.6171884756067352,0.3979466027267353,0.6795636360969495
E3.2.455,1.142135158207696,-0.8445424123452338,0.11010321372406186,0.16692090821898642,0.710187583196055,-0.31870700719291045,-0.14743826495395895,0.3592355250339163,2.0352427984850765,-0.34487202468233713,0.24708597485520878,-0.3999442711789216,-0.03514095280721413,0.4844455934658277,0.5045320029943978,-0.5334312560095047,0.6063122226716454,-0.136784753990736,0.08630232232134327,-1.319742885276344,-0.05098464898839267,0.24759879256264772,-1.5614471077984087,1.5028049710893807,-1.9119226084592498,-0.8572274861361727,-4.009368389877684,-0.4088266920088942,-1.7664828050250243,1.2021526076940057,-0.3926279957853319,-1.3308416669657313,-1.1252654434371554,0.4997870940544362,-0.5887130921147545,0.6065699818952792,-2.1396877392700473,0.27110789049174944,0.08687102550377768,-0.12577254133444415,-0.09921900891010238,-0.04218798818225178,0.8092515429398559,-0.03716269654710873,0.22989335133642186,-0.14899144374578754,0.01921324388205603,-0.37285715324678487,0.20202160042901035,0.7248838217429694,-1.1924950524250988,2.027871899896696,-0.4846444579360528,1.5684938922780156,-0.9570170234048082,0.135337529010052,-0.0856195136854343,0.1868372871519537,0.1175411425198529,-0.354596330973188,-0.596442492628074,-0.8238121442214048,1.235987177653861,1.2121515595704804,0.02798935888498022,-0.3139117767938827
E3.2.467,-0.05981019634336737,-0.5154616173598112,0.564028670148432,-0.4879422055418532,0.616179625018671,-0.8205176033265431,-0.014638121748983046,0.17955383488487797,-0.08890146479586555,-0.10375642689987963,1.0355574723640073,-0.2094588507248245,0.16375817801340364,0.3752330604977223,-0.5644905326362214,0.38608660834227093,0.6934693917896441,0.290047264336884,-0.4063798888162653,-0.06045982819483531,-0.2618663314319501,0.23890748383416904,-1.5820595014760717,1.9460383701831057,-1.4358047719245441,-0.9453778964317809,-1.7263318982837808,-0.3250638876148402,-2.185430381222382,-0.4655924386024361,-1.5191093708025483,-1.2866521019159693,-0.3007429103173048,0.3812899906091043,1.0221037387828225,0.6149809650404987,-0.08568797857824484,0.08299169795837003,-0.15344518432245202,-0.19314080635516095,0.7273705729072049,0.042117923322561035,-0.09150490312435505,0.5864075689571718,0.2950001818783632,0.5858622960811776,-0.7734905218222373,-0.4758684668879293,0.20851392628947718,0.2358706237085535,-0.21542373975089749,0.5533045086087256,-0.7162132161687352,3.354783579018706,-0.08127111875679285,0.4874626188730876,-0.1860381052584698,1.341412118966328,-0.27064191257156683,-0.05561732726885321,-2.364004282960506,-0.008440486097304412,1.2889966556660586,0.6558695138825119,0.5023316254552883,0.06359959626211553
E3.3.456,-0.10367797877731766,-0.8180807365855064,0.8673886694398738,0.316282240805851,-0.3830288683863833,-0.6518021188825041,0.43400306239299447,0.19901605043061288,1.0335656256350043,0.26807368007433174,0.6876799732960195,0.12694688582862668,-0.1729103099021524,0.2144817752380186,-1.1894648641712273,0.1549233165490842,0.20583297358895866,-0.2445758526490574,0.3351236296280904,-0.000453367219168499,0.39709813079930817,0.16221084048260123,-1.982168167649402,0.5913515290640339,-0.9290977489269586,-0.1591832209226246,-3.041597815774348,-0.6934388695996851,-1.432470314634811,0.05683882905896366,-0.8513020522913993,-1.0155696421606824,0.003165096078639129,0.46542686245129516,-0.24190147379056015,-0.26628014459153393,0.319759076760202,0.10733144643086323,0.13860490357450272,-0.3541738137064143,-0.2885870293855697,0.13744902861818598,0.31577716132979217,0.27016466849995546,0.2858920703072618,0.2543424126247965,-0.39329516038697687,-0.29245387091698777,-0.2631844728481689,0.9328804754480631,-0.9069673085368438,0.622073081008145,0.24680500089369103,1.776236214574527,-0.5949135402135834,0.5736702449589692,-0.23303885239369548,-0.12127704647174631,-0.12579448914800268,0.24584201488813429,-1.1500458767096757,-0.5792106850295845,0.48882662013155487,0.05445581985800772,-0.20452415126668777,0.28624765888018555
E3.3.457,0.4572096545143973,-1.0318010478017297,0.4700808171958381,-0.18636637506771736,0.5336305469525897,-0.6223879310861262,0.19845778716684093,0.26228531770556396,1.2194082981620453,-0.36278867870430886,1.8090868776925457,-0.39813738345847893,-0.09703245478525613,0.260468281622791,0.022464177384082823,0.14949273708193436,-0.7671738568404174,0.5044551233877049,0.9124153835911608,-1.8329775355716749,0.892732946339825,0.8271314669839147,-1.7084733162136367,0.7253686057705195,-1.221134178304108,-0.6603574915056081,-2.9263184579315884,0.3408194003103651,-1.7379254980677814,0.248986422680743,-0.4101980350531259,-0.33947130767606604,-0.25063988611017946,0.8209157117880186,0.13670399316971682,0.573978934479201,-1.5364870048986257,0.38049978481363755,-0.19600444999941402,-0.054866933039102506,-0.07079324721777613,-0.2867372922571023,0.5025674243138026,1.0044477665058769,-0.09166457802909456,0.1503359985134185,-0.901437248819223,-0.12950586049842283,-0.15410659747151337,0.9169802509450422,-0.8825592796522859,4.110112505407615,-0.8459059357905183,1.2933439185563973,-0.6265906637753947,-0.5012419651733404,-0.9341786730670272,-0.13605600979707955,-0.34737773347271306,-1.3871846366895768,-0.5731402712292933,-0.6241685831594591,1.1147680500364041,0.448463755177955,0.377439711600112,0.44404152595304613
E3.3.458,0.23817402109506614,-0.9214620144292527,0.3238769169887973,-0.2560825147858612,0.9130247144883878,-0.4298303919993127,-0.016198958090565263,0.12162959006969443,0.2177584830184877,0.43546993156400804,1.208027028353908,-0.2924921615939162,-0.14549567754001894,-0.4101869976795587,-1.3398867552741742,-0.1960085776104946,0.5324317677797248,-0.03166570248364095,0.10489330945259745,-1.07047916758583,-0.4788530159789482,0.36487028567331653,-2.7392161678173226,0.5765083309798351,-0.6861409954952302,-0.15138414823491286,-1.1719710685527598,-0.29470964574571595,-0.3249268968654011,0.24183550075571122,-0.4007354032996209,-0.4724258912763146,-0.7032372514629766,0.27444001353364333,-0.46991052996179744,-0.3431763899425553,0.3529956645094878,0.2630634743104343,-0.1414079908629957,-0.2197729959009589,0.2838756733713459,-0.04694646770823718,-0.6900984173219984,-0.04630581956490007,-0.07060618604412094,0.3325599726266658,-0.595967735620705,-0.5226382074702864,0.15631861498720237,0.6289787733743171,-0.8530301452903296,0.5595068734155821,-0.5082167418273341,0.5938419835514557,-0.3838554480500451,0.05163035527204317,-0.5474204556889049,0.02763868477857745,-0.14000931083673046,-0.7130483941408818,1.3235792763871077,-0.10354672541955895,1.9546466350860494,0.6869129850037249,-0.057691947334701066,-0.09393572509125653
E3.3.459,0.9240553691330397,-0.6938046596302136,0.09397436687617416,0.011019047987482544,1.0445406393618326,0.28375178480120977,0.030019468552600514,0.10814453945839775,0.9308841585091626,-0.026688247893276174,0.17335451734333507,-0.28856919063496456,-0.3799141169002881,-0.2240535665901885,-0.10068786095662474,-0.7363228735632792,-0.3618686662799808,0.529720682609433,-0.009650097546907599,-2.0912482491649813,0.35342673974101335,0.18989764198584058,-1.6889654598948907,0.48633445468597536,-2.220261265909703,0.058079086150897796,-2.276501201434813,-0.5738564045105465,-1.9947661069203289,1.0482764970648013,-1.9113909191965561,-0.8051158935276927,-0.44562871534808535,0.5963719046201237,0.40611009633494827,1.011257476301278,-0.07660221527010735,0.2779269467016938,0.1553929664229483,-0.07196524481863675,-0.4582435532692428,-0.07187769312320413,0.8561072657317821,0.6340079504266523,-0.046831018307896155,0.6876485098178,0.47723343447891836,-0.19261548847642307,0.2959344365361169,0.2716675493879195,0.16373248378750838,3.823652830469332,-1.456125356728963,3.7974079851060454,-0.6078936188811316,0.5857480527246773,-0.2592352796128864,-0.35059224508623776,-0.26892354670701,-1.5529717600288027,-2.570797942532461,-0.7369690262263496,1.0723821373042146,1.6242052518205579,0.2769390659312463,0.5891435240085043
E3.3.460,1.255827249639138,-1.4068033339500374,0.28585830060282513,-0.027810867142715967,1.1467280355477305,-0.6332452854078551,-0.08181621767449698,0.16929960265046962,0.07469552245736133,0.16198331743234018,0.3906552605469349,-0.3828426167805823,0.3494958077070148,0.47682846552421504,-1.9436934828969248,0.026794573270743194,-0.4558949297155658,0.8233883299141145,0.021443316744653718,-0.5514356540167479,-0.06293603181349094,0.6600056044619851,-1.6510095888740586,0.49223419427863746,-2.9563310117000503,-0.4667989761937048,-2.686213540629958,-0.06625190686963678,-1.8394748963477854,-0.940258755706101,-0.2782590881721612,-0.5007239108758834,-0.7164410065734736,1.2052586065963795,0.36335382892388535,1.1526441472475968,-2.1299008482407364,0.15383685794276492,-0.06841369478879589,-0.08226116959659646,-0.0782282026419634,-0.07397972518857077,0.6146468970508892,1.0380293961740639,0.029538526370328277,0.07160824655467724,-0.08359564706922529,-0.5736476865738076,0.8252054935488153,1.0235310682156697,-0.6503462655130245,2.3452711623192712,-0.4301221897366589,2.7309677370691046,-0.02803169557477693,-0.7444273494364622,0.017029501530784863,0.47882479320956794,-0.5868776898142272,-0.23970161285480668,-1.8299138208808912,-0.36405042766817963,1.3012043484973463,0.6370401840662046,0.7431256338836976,0.04447604220891943
E3.4.462,0.8538391256074624,-0.0746322452941407,-0.038042931769110555,0.4296766784937329,0.1276339591710206,0.2118522907182782,-0.06014696786890328,0.2607072373356263,1.0646723886907732,-0.07520673556278723,0.2981468679090584,-0.2776913016056666,-0.07521829796316848,0.39874409585870396,-0.5837217559313824,0.01315825337536572,0.567590284688437,0.47613257380492097,0.2824447890821564,-0.6209414960909111,1.0099390002755924,-0.03584011098203532,-1.1644907735757513,1.448136527098625,-0.6016528176651208,-0.3178248775871435,-3.3571439697282437,-0.7251328862192434,-1.2820034370950788,-0.3373229378680874,-1.4681472682150374,-0.6485995314154949,-1.0731489902817697,0.463828231127291,-0.1252399623977899,0.16447999773628563,-0.49413637126982646,0.08433729537256252,-0.04840610960622849,-0.14303485623209955,-0.3500633399337729,0.04499205719891597,-0.646664318156006,-0.5355450220858068,-0.030183535977987397,0.7669047442326985,-0.3502712598972869,-0.48658292406492626,0.368759644275112,1.0621036248432096,-0.6877151274364759,3.3341549701285604,-2.2890264170819563,2.525348585820828,-0.9859314955793893,-0.349396021983073,-0.7505660132862844,-0.4635118141863275,-0.014072374111959107,-2.3618757028256403,-2.2641579188896594,-0.20774537599713516,1.5397855993567149,0.2400001441977638,0.7976730027290864,0.6920860327314906
E3.4.463,-0.478180462052069,-0.5276410947804071,1.0823801973462137,1.307483449053538,0.6578730983823646,-0.003995293277066214,-0.25398916313267916,0.08449149484560659,0.5976169699356841,0.4524186628720086,0.486134943340947,-0.316104789853318,0.4449346516252618,-0.026447428188235755,-1.676411397124693,0.16963191526659005,0.020538245583986425,-0.11907761581979603,-0.5887323239879811,-2.0925558768395516,0.2861939994801199,-0.2839150366236901,-0.39709265588819126,1.2332370626620932,-1.7002887221193395,-0.765808417730801,-2.877597504797598,-0.45180428035634074,-1.1131322384125446,-0.5445299641806123,-1.0872529259210095,-1.2090432246542933,-0.39847107604121007,0.5057602343017606,0.0951318077371772,-0.5514474014631068,0.2789719189431522,0.24722569990268806,-0.09936093999982099,-0.30595127144417433,-0.4508071905486124,0.159525363533213,-0.008149463480443653,0.5275354996802442,0.07833818495921974,0.0482906629532136,-0.07947145409114853,-0.5296127143395362,-0.008592325562198688,0.5057736525962326,-1.0982518811657482,1.0386347325607843,-0.7908581860209938,3.0726045851479666,-0.4695583191924407,0.4230435606009868,-0.21960826444146697,1.2930685621671614,-0.1962428748193629,-2.0441487950617123,0.815068874736375,-0.20909901495836714,0.36528715909992415,0.5527524351851559,0.6993072677165646,0.2489811732329289
E3.4.465,-0.042693039471301764,-0.6268116975180046,0.968984919888351,0.015847519829161882,-0.07579408071661131,-0.016464452434573007,0.11278183599429736,0.19680697972436745,1.232926280142359,0.13885902091035707,0.4835140644914513,0.24275129648574367,0.04190649071452634,-0.19703722242642935,-1.396855204758461,-0.5736373133334315,-0.4161530372312998,0.4624181235857561,-0.3071373875510419,-0.21047694073352735,-0.13278635694222263,0.003029812664794962,-0.20269254951288584,1.0407619827321426,-2.4262977152967284,-0.4821312990330733,-2.8934792275788164,-0.3538852638307826,-1.0324891196033947,-0.12597257057128175,-1.1883878669144623,-0.6942543786889966,-0.26610677290915474,0.5171990425149358,-0.1706373636345096,-0.5928741014550485,0.2041165727682353,0.03579135989168236,-0.09033570297228888,-0.23458475977925097,0.06955848711713608,-0.055686263915027956,-0.44240530409352763,-0.03812577277857512,0.10738763305147225,0.09079252343721178,-0.2679947165041947,-0.1452928733034805,0.2942716019500129,0.6203331567091217,-0.96217335314565,0.009046034099412736,-1.068315169493308,0.8043730243194034,-0.6257091769774951,0.30738600608071664,-0.12609418372643022,0.27113187303183595,-0.7351701576338225,-0.9013998031438484,-0.17937285770187833,0.30291051121825496,0.41493429748144006,0.502003017120505,0.41069933688522475,0.1722099782641994
E3.45.3374,0.31066975428049154,-0.8024888737025024,0.5926792395133822,-0.14400432348069936,-0.36604615616401326,-0.23964318121548217,0.16802286412393608,-0.15805327946665226,0.8383058650975805,0.4455029985901482,1.2199122395854758,-0.20871026924224712,-0.15946837222396631,0.08737765544373888,0.43787863838684526,-0.2314212238586649,-0.08411867232735945,0.685307781822629,-0.5570857448278785,-1.438654865347952,-0.19648796166306792,-0.14366052153333955,0.1906554477480703,0.9072996580902064,-1.469643455591061,-0.1462274253916922,-2.4686517406428905,-0.5842688498668195,-1.5578665994794973,0.18536407808214184,-0.5037470379293887,-0.22828214857578086,-0.8217856574525382,0.13455733669573355,-0.5263147927543007,-0.84472219494234,1.7631699969062025,0.04837392977103416,-0.05543523139328954,-0.21103789347779878,-0.5167127628820671,-0.2825197920275966,-0.1583084066878283,1.1469234890651343,0.031449265477337285,0.48474448053027297,-0.6691127816361322,0.2440014978272972,-0.3771160037813157,0.47969621784572203,-0.3769207026497521,0.6330416163137591,-0.1646865466526496,0.9243085276133272,-0.5809643008567119,0.1654680446551414,-0.8835363128853817,0.28475760983904586,-0.10580892139728237,-1.9743981518183316,0.9500573514466223,-0.19580929472718092,0.8373117816900599,0.5541288065456133,0.7186805394971767,1.130233034403322
E3.45.3375,0.2917358453138894,-0.6213066558704459,0.08202151463672647,-0.1525088349793151,0.0742664975482204,0.054634640839195114,0.005582720821901255,0.17860314223839246,-0.038199953083447695,0.4431863655564974,0.907146442202913,-0.24168929835326258,-0.3003206206741288,0.033994581355404896,-0.16101369045535507,-0.5579611178754825,0.3346816180181841,0.43792851062436733,-0.05371699683104869,-0.9464369419955496,0.09315544654227659,-0.01645151974544734,-1.7837346679032924,0.5470998135655494,-1.8155113923638029,-0.06551436092965218,-1.904106638596258,-0.6072826249762582,-0.9339820622939854,-0.3322109253056603,0.11936528512708044,-0.09769736503166015,-0.5439773012248618,0.33719351639966,-0.1775782221498271,-0.21391999314398102,0.3287261267300791,-0.13506933154112577,-0.003280015141797321,-0.227127436157057,0.17776599125670933,-0.3264661007336237,0.44659007032986925,-0.2837207730341123,0.17291515703525118,0.06590166048997426,-0.05907123268182585,0.03726711300594382,0.8402241793945767,0.42391705019637316,-0.4920529349775653,0.6933269886556761,-0.4741154051043048,0.2762583605642517,-0.11784950689854216,0.33748537765815495,-0.3627961505555617,0.3907844842891639,-0.3673595857465669,-0.8936730775004855,-0.14558099024873916,-0.39970968503290555,0.6128588368057754,1.1899058398736033,0.8165759781644955,1.0468612328568523
E3.45.3376,0.3220431470103708,-0.6307149299230342,0.9361506059908233,-0.6586468979428797,1.4354204148641565,-0.07412406820397388,-0.09955190540657943,0.09731956861655,0.3840405140617927,0.47032952053284305,0.14636867030173972,-0.21242662370170162,-0.5109093830340674,-0.1222008836841636,-1.0705758850102383,-0.2292068664982993,0.12232354701653025,0.40898951531276395,0.1639826348932809,-1.1773560264062226,0.2942068790737208,0.047710754556501755,-1.428877743677981,1.3618555812729483,-1.128905859027073,0.1504184548378685,-1.8912421003146298,-0.397752412565925,-0.9204583566727589,0.45481515167252584,-0.05073476994509751,-0.29290930673135374,-0.2815685544821176,0.3916954420328631,0.06442526645615593,-0.3854813618034343,0.09753780151838377,-0.10952075277287321,-0.09604027069230714,-0.05819721486941676,0.024166805117696977,-0.12046002366586595,0.09594614563001547,-0.4507428971401072,0.17059535406554316,0.42601904839757565,-0.7369102298780259,-0.4133864456139292,-0.028230942655974478,-0.12223926507307858,-1.025266016049922,0.048889734427771225,-1.2964773693861926,0.8645447206078494,-0.45722437638480407,-0.17725056954809884,-0.4230067111957164,0.6646758128679897,-0.5740635024128103,-0.8595171751761228,-0.16272852126832338,-0.18729652711731937,0.49936492049068915,1.1828692661229245,0.5562073899318696,0.9766629326209613
E3.45.3377,0.844989131821993,-0.404627284880655,0.20452192204882155,0.16306713842847564,-0.6982638671192845,-0.38617063515166394,0.03728377448872022,0.3350523355003361,0.6017612444725299,0.1829789439925953,0.2698423252405595,-0.3130027856001605,-0.5961117484013155,0.30554760544252957,0.08324417998438811,-0.3244419663536622,0.1250607565421184,0.29468228941374436,-0.16061848246635058,-2.445363306339728,0.1194442599872001,-0.46321704505916533,-0.8177736262307063,0.5142019349323457,-1.363825729765803,-0.021360250629367694,-3.3720894688116716,-0.20654570205569578,-1.7893647519197406,0.8545069776235893,-1.9199918571895698,-0.22302890297345324,-0.8268583997988226,0.4708614611900339,-0.24681392267723612,0.614410588104374,-1.1227771892524563,0.4124251477851102,0.031200473536080242,0.0733190907676251,-0.3359347042049767,-0.35431898202700185,0.5071510702434047,0.6172306544822251,-0.052086656456594715,0.7821164738528865,-0.8156334712227862,0.29812408404499324,0.5247477947459132,0.9838623662013977,0.1752207304179878,2.9355842587636842,-1.6777019358110596,3.117013017648243,-0.7457979483754348,-0.19603737485307318,-0.535861041114927,1.4863492979060586,-0.24087846809853947,-0.7655621391643523,-2.5267228064312155,-0.1580131995401115,2.5466764280928835,1.7298509921713112,0.7709032242949614,0.7916907507108499
E3.45.3378,0.5917876331586621,-0.30777813283877253,0.39655235577517123,-0.4634974218666157,-0.05061263368352098,-0.1986920401462482,0.11175713861023073,0.15706935799926525,0.7791255542833552,0.3519690700397984,0.9250688944256127,-0.06416555383596734,-0.35751604929275616,0.08445631915807705,-0.17750992137532207,-0.3229433552804605,0.3428167538252273,0.052053970888340934,-0.45295979506466666,-0.2590643245504004,0.20194791493006803,-0.08554513544003933,-1.1566349695072358,1.0435172360122689,-1.3883175560026315,0.02433259723982828,-3.9535057912806915,-0.5133513088078281,-0.797768982185703,0.19426413661132236,-0.5732594224478195,-0.1650337656439948,-0.06223978659244228,0.6200185157272271,-0.5454400520279203,-0.43870360935851815,-0.05753238909853342,-0.011634178940290951,0.061318907136737266,-0.07414642236759095,0.2963498288861037,-0.3328672638405483,0.40056152986172733,0.21326314135976165,0.1068121168646683,0.11795819127422502,-0.6991149411055363,0.12146636634831182,1.03042682338479,0.2791001110181117,-0.9106769282413201,0.13578404892383844,-0.056532867093600433,0.5766223618780719,-0.4214752416798406,-0.17113844192339678,-0.41009832060401785,0.4316268119388147,-0.012234810166972587,-0.5395155341163167,-0.16528439608700174,-0.072078881857565,0.6166444170350447,0.531834953697684,0.17207607283083748,0.9644159020996077
E3.45.3379,0.564182865388544,-1.0009670136999904,0.2195997413494985,-0.7484035953625057,-0.2265882316374206,-0.4335627879458058,0.028496250699785453,-0.0008743005990665687,1.0135140081244012,0.39351074138909325,0.6530856413999278,0.16448186690849553,0.23116913146199408,0.5906888570212395,0.1853457335913683,-0.19503682386684082,0.1038669686820258,-0.053794460759449145,0.5477883062693862,-0.2124225151028249,0.41583839582446575,-0.16967011118308298,-0.6081523404255338,0.6900458824036555,-1.151520790932535,-0.5060133743744071,-2.179088957853164,-0.1882676600181487,-2.1076591824304263,0.21345941240237734,-1.1633160991405909,-0.35645879475328013,-0.7987597724247877,2.748630672000374e-05,0.8113245742451844,-0.053034514231023344,-0.07256386164282602,0.004403039924351759,0.06360043631786727,-0.170588478982316,0.03429394332808122,-0.1860967918551688,-0.4205201387133034,0.599112570709502,0.18743445110211754,-0.0599504531562316,-0.0674859543478623,0.17006679090092525,0.16119876162827407,0.6104912966729392,-0.25179870402061455,1.1786932902850165,-0.05117203855136454,2.8886682665211745,-0.6804520793211348,0.08839079168134,-0.5738626032654593,0.2442064240990145,-0.23871572510336464,-0.5555532792960944,-3.154445104511398,0.22082669959972384,0.11884928560102004,0.8720341763003157,0.10017547971474938,0.43937814162797173
E3.45.3380,0.8324226542891254,-1.1608700822642117,0.36171315654878944,0.6353241065641941,0.4043942797579485,-0.37451914659339536,-0.035926308638822846,0.17902874954900394,1.4361913703731646,0.2157977014820176,1.3975078126252347,-0.28458617777249273,-0.24291535977223377,-0.4345088044649786,-0.6937544250971972,-0.6628116394878383,-0.3414549463081278,0.8248900128447113,0.2545019108078592,-2.733918264996285,1.224314174028959,0.34051190537986875,-1.3402572367567642,0.2899863665582254,-1.9469671245436384,-0.8168931172442522,-3.266459009928015,0.2249402070427971,-1.9795122450623337,0.7206167630054778,-0.8665073709878018,-0.5980938405927365,-0.2365794969337452,0.7195889045572823,-0.07025284583451219,0.05296023200434963,-1.172734655684093,0.6185712858282555,0.029423814128063608,0.11661580050318676,0.15666346394901476,-0.04423082463373107,0.6225176468151514,0.31596185876143645,0.052221111466227876,-0.21830534929113588,-0.035350540389087706,-0.47742576705245565,0.5965797843229247,0.6906710866957706,-0.1687579604386843,1.9968078023548597,-1.8285646925330665,3.3414955999026397,-0.6561200396187358,0.042817498395596176,-1.108701388575863,1.6179503522636665,-0.00254615798194624,-0.3244168711517228,-1.235283176201047,-0.09916683145160876,1.0876377703032631,0.9870170367966937,0.3141944984943654,0.1377029718974735
E3.45.3381,-0.2923737387715647,0.07144587468822527,0.5258490347360616,0.9893732707997582,0.14364653217408074,0.5224617763121088,-0.259589409221209,0.32202353443422016,0.8547481117793418,-0.0034196483769055597,0.9774881124024968,-0.22050598756646878,-0.578980475819288,-0.25943957609744156,0.016350943667091222,-0.12478329131389093,0.8554907796968587,0.12354114402078947,-0.2544750045357007,-2.052739607033884,-0.4910241780793094,-0.2526374615633332,-1.724636137084715,1.2923844225582801,-1.356492572652535,-0.5037305602433377,-2.434159989063709,0.04424476128328242,-2.986963388951675,0.11244422918765623,0.11678877698851065,-0.4391325189266272,-0.4256712577500803,-0.007620290918800787,1.0093208295462346,1.4104379322410598,-1.2600137421010118,0.08841532656963214,-0.0973075884717498,-0.08650979452861329,-0.8272140769367902,-0.27916596545482775,0.40558584983482915,-0.19740758822848814,0.14909489702785783,-0.1878755083976973,-0.33302060522902194,0.08945283054722958,0.709691644363373,1.130319741660068,-0.692968534048351,2.746896808437985,-1.3718232951489298,4.626977942368538,-0.3596827928350257,0.12801241086804768,0.08067807377822733,1.3662274380379302,-0.09474957027323544,-0.9645722564937323,-5.193744726087845,-0.1133145158139503,1.5503359890980284,0.3371514548301126,0.24847746946373528,0.6908808222386795
E3.46.3382,0.3414365435930442,-0.2869988633877442,0.5075816589115969,0.18722238697422977,0.15669515856059696,0.27923772478054354,0.42306949767856716,-0.0008339476974468241,-0.22866354736611447,-0.01499395324590358,0.4642768657045653,-0.2418578650676233,-0.43631336662048925,0.3552339352185174,-1.2966846572865407,-0.5894362658723877,0.05565538701099171,0.6891740624019704,-0.13225440599927496,-1.6055263246526887,0.0700996804874372,-0.268831218405413,-1.1647097154285873,1.2820045572238765,-0.910813889271676,-0.056460255949354554,-3.1503033300985095,0.1835432102421477,-1.2691093894418017,-0.34369736563111075,-0.19108311481394147,-0.3592018851019881,-0.5778664125633352,0.5380586530563605,0.0936873925041548,-0.03465898899431785,0.03680396781128692,0.029066183269335966,0.0922513493830377,-0.13434023264848638,-0.30384495518734655,-0.061464164569160484,-0.397605110098934,0.3544661917321009,0.11574066331214006,0.24716855009717742,-0.5720144103922593,0.03123264039435053,0.10045040097566704,0.14099132707886985,-1.1141852677086228,1.7301588073410825,-1.823952689635831,1.229630257532575,-0.08010553939687669,0.1562426333799095,0.04499501658979799,0.60192463545424,0.05077136926652931,-0.4244243662098579,-0.042813580655444494,-0.12677666704903606,0.3408684207521129,0.8270144127934111,0.955442971014024,0.8303242791266681
E3.46.3383,0.05535064302462278,-0.5063865411645248,0.7978051981626684,-0.16818270024009907,0.8956977532548265,0.12013255107486609,0.04102590333084688,0.3005264198648314,1.6873870539750844,-0.38747776957885804,1.7045213956954464,-0.44621359031072627,-0.38104287764644584,0.5023955944947018,-0.23205749013428736,0.022252201607217303,0.6041697797349159,0.055145544530679436,-0.4565116966522238,-1.340668924455707,0.2712912819696342,0.055071923330911376,-1.2492983063742193,0.4264045832077814,-1.1270280407160558,0.00229911625650564,-2.21872473061789,-0.13180330624736175,-3.230443338929673,0.18231300253503524,-1.5441708481063678,-0.5403820735715802,-1.1040660821966046,0.6046288839373828,0.1915062060709436,1.2868371090258721,-1.3753701975616055,0.2877401286038008,0.11074364934158742,0.15490199110614622,-0.09582328122051093,-0.5001862122928127,-0.46984479730969775,-0.6474189867354085,0.1287560733295332,-0.1694010176181543,-0.0909331504081968,-0.5431569942769667,-0.009866945425396234,0.9560171497535253,-0.20063062641652618,3.1259763058696812,-0.7020227204320547,3.5501941492514324,-0.914016806977948,-0.19681602337659554,-1.5633747576306796,1.1970423430222468,-0.6209986569699848,-0.07029590655227158,-2.269787700577215,-0.32659338799317233,1.4745955473180372,1.0201246042045684,0.1467117040412007,0.2987344805461648
E3.46.3385,1.2140484824923476,-0.683947304650702,0.5658614863672384,-0.4798506240478235,0.18853221027605294,-0.35443842065378245,-0.010456566661095401,0.11851175299992889,0.38881292559134717,0.5493066442303616,0.9392373265545388,-0.15044623582492633,-0.06461887187377158,0.07461190318586619,-0.4910403502886056,-0.23590625603269874,-0.014634811737014752,0.6014645021451412,-0.027264358055217652,-1.2080817647619022,0.4555423170469224,-0.05274614533024591,-0.8013328767918364,1.2307857083870655,-1.393556165992161,-0.0900192414199088,-3.0375693686299554,-0.15016498885932306,-1.225848993394972,-0.5028430040343589,-0.6046778226995944,-0.07365067813454845,-0.4030133173342462,0.4433159178224666,-0.165138840283577,-0.30574334485094523,0.0769248288810141,0.08761665740584235,0.08455713389707764,-0.04005549706141398,-0.13305073766160935,-0.2942763403104206,0.301593205890999,1.193971872376901,0.12837730190677887,-0.00867060264082653,-0.7489905530897893,0.0058561416247506215,-0.13984715405724452,0.061386257102512776,-0.6880335049018784,0.5997959878860275,-0.5309651790024531,0.7038271440359951,-0.2514618330428223,0.7164893983752245,-0.4717370054914465,0.7123498218592896,0.1585131859419555,-1.0546155032714306,-0.1927701236327769,-0.26490755050583303,0.6941371751061359,1.3439046908624128,0.29852742338981386,1.0666597437162655
E3.46.3386,0.7062048785915073,-0.3021765635623036,0.7317831099296506,-0.02530951897253031,0.631117688718738,0.4960269259951102,-0.14991109197407937,0.21481694722581945,1.1820614004092136,0.2137755863542874,0.023721526630627654,-0.48868110975539825,-0.5458578976042225,-0.19654181723948183,-0.2476008754123552,-0.4503358130367896,0.6099390755603804,0.6766568554574095,0.17431656869333922,-3.044984700192989,-0.43691096010793784,0.1022989288165034,-1.674604678686145,0.2703931241723838,-1.693547298655698,-0.027211876747654712,-3.071577204280998,0.39405898016861074,-1.068069179441602,-0.7463550256651833,0.6259497002365608,-0.21934425664114826,-0.5579740190520458,0.33817731836765663,0.008911230653249946,0.247573910135777,-0.7220300138939669,0.41572130015820363,0.16672030368514523,-0.07478189644647681,0.46576118369097186,-0.41659044708183135,-0.05882045435513861,-0.09754797949602761,0.09969824991265108,-0.14768172696194304,-0.34035852782992115,0.13158765889975138,0.14881952101086482,0.4128576105731514,-1.0522850762109273,2.721102630695438,-1.2920809049745974,1.9921131405303765,-0.6227026419905194,0.31553436102901805,0.8027340511871522,1.5296694922410063,-0.3008966615054932,-1.0414995980690511,-1.9281996373746673,-0.2664416894654452,1.1679777951340138,0.3733838688540447,0.33416542826454076,0.5422383217208058
E3.46.3387,0.06897679691001546,0.06488720937482434,0.07142158592306175,0.8263563448779174,0.2384366611169052,0.38646913450294534,-0.31659878126838237,0.26744473225209164,-0.10065872110129198,-0.4587179899890441,1.0049039264823025,0.02058876784077457,-0.6707116816725767,-0.2973608359575388,-0.4542314090192987,-0.6483314408449818,-0.5454535377018728,0.7690707720907679,0.5020902077417122,-2.1536560886063394,0.17217535754495694,0.31888709970584916,-1.9192385838786552,0.8694872423902424,-0.985442778451291,-0.5114286442060525,-1.9430404672873958,-0.5584884916745017,-2.3456014438701307,-0.8069308461904763,-0.9734420312013841,-1.0186634497832796,-1.0558186152710847,0.3724768555587117,0.23028785566590546,0.8024265046766774,-1.1703000456189099,0.36302030851375466,0.09523086765139954,-0.1476551504612973,-0.7063156703826342,-0.3398087139853999,0.27243830838328686,0.561467958000171,0.08385709068840086,-0.09118129728738844,-0.659565907235503,-0.23083764804025442,0.6916870545317145,0.8816028751825944,-0.6513429501144239,3.3411938526703757,-1.6677515140837085,3.231430870626959,-0.3642234110590067,0.6394916326049036,-0.7416964010719709,1.377565448484437,-0.8037706957656974,-1.0463114679559407,-1.9402400436248637,0.9170707491656309,1.923170026387683,0.4242400945559417,0.4320438509224447,0.38814875588190034
E3.46.3388,0.01771579678946239,-1.3071152130833001,1.0029675969240293,-0.1587153345908079,0.27848781400531275,0.6358477431625096,0.22531721225649237,0.2653355924850067,1.419630482311265,0.2434511269317743,0.6810813194907084,-0.3574649009381927,-0.452403938456506,0.1363577145451237,-0.7893685155449981,-0.5909800307644812,-0.08176590301922872,0.2382150896075585,-0.3895279877959428,-1.1108169843364992,-0.19280708321159498,-0.12379028962128347,-1.61134552175105,0.6723267459287205,-1.3441217383010315,-0.3055054442787493,-1.7904607154418275,0.03277019348236107,-1.5131298670529723,0.07436972058713298,-1.1118791523793488,-0.30537824027275684,-0.8139243153069935,0.1601384674607651,0.11491623979213617,0.8016490535181897,-0.7015280785705623,0.35847554648668645,0.004391097935352306,0.19310104759749214,-0.5134167409156792,-0.3026020466487289,-0.0676120847187377,1.112780759840011,0.07399145013781161,-0.2622156567936277,-0.8747970984423779,0.11202079984154498,0.24953616275727397,0.4559112977663955,-0.49627596696490345,2.985364778630412,-1.048177025404887,2.950989096223714,-0.8917436503617342,0.7950019720580708,-0.4726207921883261,1.2930924110840898,-0.7815725668815134,-0.5859858229125798,-0.9094964076995408,0.07678167827737886,1.4510030777511167,0.5248309928895523,0.32004978821884533,0.23753476631738435
E3.47.3389,0.6139838541500406,-0.019215514800385414,0.7821293542628376,0.6907931222889871,-0.07455148495080388,-0.48788829997540184,-0.0360887856045542,0.007819867339928344,1.4347291683839807,0.13933051989794487,0.21759337214200336,-0.36951745909959577,-0.2626145484204584,-0.33063598839324254,-0.35457547073312334,-0.3508075562375763,0.4304458415013629,0.030395865884449674,0.6145702364372259,-2.5250499087142675,0.2560615597500966,0.22069517465698607,-2.62943671345852,0.36210203949546305,-1.6937099295942573,-0.8174769682688681,-3.280053049587034,-0.28895059991557115,-1.5526232796481199,1.2573461087923175,0.6492720571721171,-0.3434213882901124,-0.5050277634793169,0.7559644084965402,0.09731271619156459,0.4120461245334046,-0.05605070667602696,0.3717799863116298,-0.042744727465400256,0.08677580384378958,-0.4645623351805699,-0.49805332956189496,0.05307007258515695,-0.198700723329854,0.04417870691351933,-0.07808778947968387,-0.7922354708072724,-0.29268686916506836,0.7832158318202205,1.164990284251585,-0.42080840158161414,1.9556939983140862,-1.4371722085499674,1.2881378239762116,-0.5016169076022798,0.06623573081959726,-0.9218134314304305,0.8459412542322047,-0.6022820847825929,-0.06991484028078734,-0.9512232965864593,-1.1369415366563225,2.1811331027301484,1.0804054192643553,0.07169406481518159,0.25446689241806775
E3.47.3390,0.11084837845354062,-1.1834984467960767,0.5640549830329924,-0.7404648247659069,0.8400435469170423,-0.9189398612361008,0.033012963102459825,-0.11594984845204603,0.5359536429832145,0.025516762182870245,1.36156191065236,0.10726052683761678,-0.5073752450518636,-0.3632758714176895,-1.6629391196810186,-0.3676611079489214,-0.04037591577868377,0.03392093456871437,0.07246061836506912,-1.1368969791336103,0.7187683921280608,-0.009693899750486845,-1.3418313796559957,0.8878267960513648,-1.7073841329215127,-0.6665621155188752,-2.4670749106453456,0.14141510755678605,-0.9671318624693672,0.5526082543468952,-1.0843099799681264,-0.13583359371143583,-0.9860727921682222,0.15572461074244437,-0.42312921549335936,-0.8559936242774238,1.1527776486081116,0.16482102822808287,0.1980309085500913,-0.2945573083385278,0.3962798664817071,-0.22949667755473613,-0.17364008209642123,0.766977898725467,-0.03940272265052047,0.5855544221902778,-0.12442143224177038,-0.4693258470898055,0.5089995330163177,0.3595650112059925,-0.03861279853581062,1.2011277440136212,-0.49384504109551963,1.1710781455838886,-0.772937909375101,0.6138374393697564,-0.5682205897769181,0.2723388201761303,-0.3977259802674483,-0.6870579460391513,1.5611619523785683,-0.040006904609097144,-0.05925739805992636,0.9241364245529138,0.4825378221731933,0.8010386954294653
E3.47.3391,-0.3092603958528304,-0.8996247514677189,0.2526528396575678,-0.39099582878103334,0.3316084868513165,-0.6185914070651695,0.14878519313443483,-0.3669508349943844,0.8544008938174861,0.23157841284887182,0.8734873822876494,-0.3677343675770808,-0.7863551431110973,0.21421219134492453,-1.6768222472633527,0.01635611296976197,-0.00011247996400753912,0.3813024577088269,-0.777086750135149,-0.5983281066130381,-0.2079923983626788,0.06232941203665621,-0.06749186766962623,0.812372967113455,-1.3682917148281333,-0.24687457838159577,-1.3598946953977915,-0.034483149450251716,-0.5564755074098993,0.04635419674167662,-1.0695117711522493,0.061472721447653866,-0.8401795191533744,0.32403450446584925,0.1484650705744176,-1.130836078184854,2.0687232260594426,0.26322102472298603,0.2251763522189565,-0.1813316026182752,-0.6558342202061909,-0.30186077916004306,0.7227223754685161,0.3676433292443838,-0.01071193775304291,0.0860006051602975,-0.300062972203394,-0.5026026103777264,1.4518946003778428,0.44197216902291503,0.15409578841607902,0.09933477658013778,0.5375452304618571,0.6534145365712236,-0.9626027899775107,-0.20051687818284614,0.210434361864266,-0.06698903625280028,-0.3018271039199224,-0.6291314210853519,1.2899013641138635,-0.4759197763126224,0.9811479988647587,1.2503362124893134,0.5094777677111431,1.3512829314803947
E3.47.3392,0.4540115509300489,0.06128164519406176,0.8136773672369727,-0.5451591185384261,-0.1448204276305654,0.026765359502189168,0.12475120499049863,0.14345232850993472,1.3480379697475395,0.443535394880469,1.081651603290151,0.2723589681017291,0.23702561814443746,-0.2636940003518202,-0.6621354164969526,-0.5496638945116419,0.5172238578384886,0.2829558093418239,-0.13735923042599363,-1.0838861408985976,0.14108928851207486,-0.02961128187406334,-1.5426869683935909,0.6086218769221539,-0.514409829804939,0.21573591111811832,-3.18312228517892,0.053144455018396486,-1.280074608440613,0.22333251728179127,-0.7258288080128926,-0.10759256845390264,-0.5159611943014631,0.39226424341596644,-0.4628220598731225,-0.24972339409621513,0.10433243113835139,0.05058491413028321,0.18777296940964838,-0.1576928567995899,0.20716105765452536,-0.4116548884798832,-0.034507123705856624,0.22204900717541462,0.13609020024714225,0.863889275732799,-0.018137302361262778,0.09639466546278358,-0.3573897510732138,0.6333772733227216,-0.8274580070788566,1.1120923201307646,-1.5539414284005353,0.29623440729882367,-0.4337231119141457,0.05673911630098767,-0.33105855647010607,0.07444556992006834,-0.22741237116347662,-0.024523811387760663,0.1074597525801978,-0.6430155725026205,0.40118519250563067,0.943981312485908,0.7210260205286625,0.42352715494831017
E3.47.3393,-0.021886074875436173,0.3838173177359461,0.8266969752638247,-0.31694698212482875,0.35854744553788975,-0.11165498998941026,0.04951346708439175,0.008532215653810571,0.7587326212472819,0.5643986462909769,1.116484096922273,0.13266386692723664,-0.34369375775734945,-0.09749549046062089,-1.2429205657076796,-0.16617256708023617,0.34420869186388425,0.5494060382852203,0.1667735684416325,0.0722217036027184,-0.1910247851364752,-0.1157916022921168,-2.3049035295954887,0.8961362520032434,-0.851061070133311,0.03966827470748116,-2.8357603130119573,-0.4516959889232478,-0.533999712207851,0.29651729144945904,-0.7482875777117484,-0.2463141977106843,-0.9608701911189725,0.688363963411049,-0.40769327732900884,-0.44870239176804416,-0.04141390697161901,0.10757932310381957,0.24488243890871875,-0.1598844675632387,0.44431600226503676,-0.43172774240320555,-0.036689061293184055,0.29731476715205374,0.13584382852754184,0.02128358216943116,-0.6570992686131356,-0.04704036795925015,-0.10552845753338758,0.634560082541729,-0.29542806088060614,1.4320904445889855,-1.4460065174848686,0.2308049889344579,-0.35338305436476614,-0.3792662882583167,-0.32714191542340754,0.24299435903644273,-0.25067837482709293,0.25146213565854486,-0.09755103099355233,-0.41690984221069055,0.8157702331786394,0.8319384280499756,0.22485464019546209,0.615604801623818
E3.47.3394,0.9783151930921077,-1.315886203039413,0.1656284680679879,-0.04012194439089889,-0.15226544636218953,-0.47782833462845076,0.153292910597004,0.3284895981023972,0.9327594091904826,-0.04223343513118616,1.4084235243799363,0.17959792173279787,-0.6756068836669187,0.26713232163251166,-0.672590376474592,-0.15318062802086516,-0.091069677676891,0.9602297934734547,0.3749239853645465,-0.5568083532767407,0.41215323225524086,0.29149537378185353,-0.968010757081041,1.17672178840653,-1.7526842721247724,-0.5036732196796304,-2.704387345923733,-7.171094426677849e-05,-0.4701822152494648,-0.7491734363842784,-0.6053253527600289,-0.7180842560838108,-0.659620935138783,0.12612115080044006,-0.5132622890664978,-0.49452095870933555,0.42431384961719504,0.11981157547490895,-0.019013060564497586,-0.16353799966111482,0.09540921386868262,-0.03587700975693253,0.47368617451294015,1.0576640887920927,0.21535356330994349,0.39150912455005593,-0.8215499844143924,-0.09857511232871863,0.7316258253217031,0.5397613327455368,-0.3420458584226751,1.070732652666395,-0.4409472570190164,1.0950017352579327,-0.8385838740675882,-0.09475666694651931,-0.7697171331953818,0.049979476177650195,-0.14916038947143484,-0.8487891093722874,1.8506430961267681,-0.2002875794322786,0.4067250222759481,1.114546848344215,1.0193088881676537,1.374582626015082
E3.48.3396,0.7005456624072406,0.1282946367947409,0.2603285381628746,0.019850651696757815,1.2415742745947949,0.6563424822229379,0.11785222590441391,0.18897608164438084,1.4995562112562708,-0.06070833072804449,1.3622649601231904,-0.11798191397513991,-0.4283757545132345,0.0960225505695872,0.43580451281664734,-0.6407180666963463,0.0808829170817094,0.7483662048613571,-0.11551057793113939,-3.1290701002462695,-0.26033207392073465,-0.390179658975071,-0.9139767875709732,0.3427428423672634,-1.5266458997140977,-0.5230879459310518,-2.2044808250161956,-0.1290778210024861,-1.990231320624689,-0.8889173332480611,-0.6543902540802351,-0.16739562469068078,-0.3214285149926627,0.38653142108455674,0.01966683107410805,0.27499170159469166,-1.7626103032304963,0.408500184085125,0.29652165694461585,-0.03230547821285601,-0.4600245581596973,-0.33596533902182735,1.0506256940088199,1.0515972068525978,0.07791767217764134,0.23864376604722093,-0.5755512372665296,-0.4478362195054974,0.7173947754249574,0.5274445205905018,-0.9018857507386056,2.8903542602699757,-2.08236996919363,3.6580881760114052,-0.7896666048128932,0.41284150547036697,0.20050860825411077,1.0309964696525142,-0.0761423611209176,-1.0000312406771883,-3.0471687878120495,-0.08231040667930228,1.1242492909118524,1.4585684457361925,0.7363571007827754,0.6125397520116804
E3.48.3397,0.3769183128695588,-0.10594990230019624,0.5192768405592832,-0.21582399602452718,0.6153826876433883,-0.2594377632524738,0.2273410908643405,-0.08759924118540896,0.9049565161659744,0.3500455952175554,0.9795965384708767,0.15359278982606162,-0.5830333555575474,0.4319418246043323,-0.9336658544078488,-0.3294673620415803,0.437970302683122,0.39171523487269333,-0.6988493263034832,-0.1159453661884387,0.16457547478499968,-0.17076126395986713,-1.9019776588038124,0.6972666011057145,-0.2872450882727363,0.13175381897948757,-3.645782143014497,-0.7064522770640813,-0.7925761247520935,-0.17820230088459754,-1.4089450605303664,-0.18882159166657014,-0.9183145383541609,0.17835631318424872,-0.06351375682533711,-0.1358825416660725,0.8991237568041259,0.2603617609953117,0.1264390145233274,-0.15322307891898457,-0.3807358913192839,-0.14171285203279282,0.40020057562281586,0.9028770754082269,0.1546938018072559,0.18677505554661533,-0.6177648877560667,0.1826809509278272,0.27704703357678695,0.2141562564784958,0.12196831907272987,1.6533392431793552,-0.44393732871420477,1.0334957569025223,-0.4080478682453492,0.22935973915108712,-0.032097447809837476,1.291630556408152,-0.19901884339989528,-0.5872326153100422,-1.5137280935162039,-0.005045364170352895,1.2160870800426382,0.6107726821065381,0.2654223457534637,0.9912483865238753
E3.48.3398,0.22876076262814343,-0.6036249821732234,0.5372656728916467,-0.38954705621780095,1.1589611365046406,-0.7816211205066347,0.16399220632810652,0.17473117526387938,0.2897716560542843,0.5371636033406102,0.3409812039534734,0.10979912176663076,-0.4344764808274675,-0.40713821544532497,-0.1504881152368978,-0.09138852972799133,0.43036044571975574,0.5443806367968096,-0.04379152927225438,-0.6394132105661516,0.08579965511736466,-0.21127226339527347,-2.7240745107272564,0.5959015574334163,-2.1257762803246836,0.03153779809904883,-2.264511509320382,-0.11581241263222081,-0.9537015171511172,0.10391433022783364,-0.9080381956316491,-0.048285559662362365,-0.21570791152345503,-0.32901189442986745,-0.35150081130885524,-0.4264508323199845,0.13542418193527783,-0.09370456271579553,0.14108769189252524,-0.07302579456463931,0.26796846363256777,-0.271593872600413,0.9856163297509923,0.3648789434459411,0.0885393283060969,0.24232076188515217,-0.16744313300712774,-0.226041849990878,0.26023585112702047,0.16194228102374164,-0.9465734870606927,0.29841247721676223,-1.004293902600543,1.6731942696484179,-0.5120446156787947,0.6389939083280297,0.23087223897640918,0.8589859713267967,-0.365152832881852,-0.3483298333829235,-0.21371571965453384,0.0034102918610599553,0.04824249905458122,1.1624675888449179,0.33532021634906695,0.7441180062502859
E3.48.3399,0.04320209519734308,-0.4206050081642146,0.39176022100221214,-1.1899905426582933,-0.219269192508014,-0.12731745919651355,0.16430854488802282,-0.013718372068734386,1.0443494327253968,0.4535752240665403,0.48173331043294754,-0.035962091911952765,-0.8404075827921423,-0.13120937437095942,-1.2086803068993883,0.16376860602305518,0.07984472569382794,0.3342202925289688,-0.03523530883323045,-1.0602426674730427,0.10771872687000938,0.23320861803756832,-1.722670906829001,1.5699594957190524,-0.7569059862554677,0.21382803474062023,-1.9614176836145512,0.11266833784581781,-0.682039415923378,-0.5182351285442852,-0.15784262715052966,-0.46983599511005625,-0.3264384145722916,0.009180234819249122,-0.5210191790580518,-0.5718279365005756,1.2651435510874962,0.0533210313233452,0.10586307071073486,-0.0661642591935403,0.22450006318593713,0.010198234868173728,0.14142459178889033,-0.15125174455755508,0.14913406602644041,0.26924145363009033,-0.03461599235604865,0.32713270076644496,-0.0346814521986856,0.11119393418806656,-0.4613444631245602,0.3685669033873644,-0.6725939197348809,0.7737332918798785,-0.879319597190555,-0.16335671882648803,-0.17908563696979063,0.4561306323266543,-0.36185970756671804,-0.823073577604148,0.9588895705147629,-0.010286930829071117,0.5044014238209109,2.107107894672137,0.9025044303362941,1.2428267106724185
E3.48.3400,0.1972485017588142,-0.16065356851227297,0.6503530950384194,-0.5826614113127495,0.21792817993302172,-0.2657071752198402,0.032477367589951456,0.11190995838458617,0.40952718550694656,0.40506536205580934,0.7266747334096562,0.18871213287821087,-0.27832425916190834,0.17188901383353494,-0.6720438857301869,-0.8349252907871183,0.09816720265715267,0.6611487455652318,-0.44791967228849483,-0.9113393661070579,0.49736670905214,-0.2725600294809621,-0.6761004406220973,1.5870401639246978,-1.2418419377076888,0.10968173414470253,-3.991978624786847,0.20449677000189415,-0.7831125146939435,0.38190860223863987,0.006018264181281818,-0.41071899841775494,-0.10183850312623383,0.2938834329403499,0.4375469382304147,-0.30159328774939187,0.6149365078488683,-0.11455945865101125,0.07120285017593764,-0.10915790453435892,-0.24721209320200443,0.03380603552974959,0.8135630763701671,1.2662380635877954,0.009816304251637487,0.23780523529496866,0.03987419730180189,0.18687707268448828,-0.22283640041728758,0.6591013340444793,-0.5114129733749209,0.19492831817116607,-0.25347958750158095,1.1707964265656035,-0.5518162203275041,0.5254904372793712,0.15753062926186667,0.6153050541234499,0.2430495139228517,-1.2408007751973782,-1.0264118893504477,0.3684188712660842,0.08610692535776532,1.3632750547777301,0.0011334306582275744,0.37013306355087516
E3.48.3401,0.5282831377965536,-0.7150621602274748,0.6170034517803802,-0.5992720863650938,0.8555071318280845,0.05093899553226666,0.40593450422280464,-0.24210738619261019,1.7244350001989321,-0.10998723354660633,1.793850695102223,0.6064509837917416,-0.6131718476643867,-0.28199077740237366,-1.099280294952887,-0.39732835203170686,0.4103621240119743,0.8660576809190965,0.21584110595083983,-0.939489317508361,-0.3370199861050559,-0.3710623713670634,-1.2719211095058989,1.0780435746831944,-1.2974784121014358,-0.02935273353823753,-2.708209100789458,-0.13174731994875494,-1.209294686221575,-0.04799080117503396,-0.6277031220078093,-1.2564173644142975,-0.8098923432460768,0.7442303144234566,-0.07676834452083012,-0.9113231928818912,2.7089401174612733,0.08267086364054155,0.16361561229131416,-0.045003673282575596,0.08316521684349709,-0.16331706358167497,0.4998948265508526,0.44075192858176065,0.2557869355020206,0.18892879272996677,-0.3904123069921575,-0.5675561008699883,0.5698526546482316,0.4032863878839317,-1.0054342088632289,2.586640655851629,-0.362331853288941,0.8446098797316468,-0.759831753700493,0.0789725524067543,-0.7330715526814164,0.6666038683276112,-0.7426977053646434,-0.8362832488612592,0.5009086524131214,-0.810967994359584,1.189491476283272,0.6139129920633897,0.9028402658776682,0.8936982541444403
E3.48.3402,-0.1130071962254039,-0.6628424100318846,0.27721662857929097,-0.405790886250712,0.6982989082122859,-0.25781433958779726,0.02786644783277259,0.17521496219366028,0.7618127839830222,0.5567806316743136,0.5888560298480616,-0.2610136629284949,0.15021018530001756,-0.22344341672199663,-0.5497760714686328,-0.1591436338414593,0.13926289779557272,0.3369303143108969,0.4009725940883557,-1.5807934249876414,-0.4697379513698474,-0.21859016058247943,-1.343750114802162,0.634354183418079,-1.5920577358090615,-0.4340573006556375,-3.0500014011439878,-0.18245271788306283,-0.3977541537205389,0.13310126189430438,0.12902402751562791,-0.764875871401762,-0.08977287173739684,0.16549937750397037,-0.6294054527654545,0.12144043650178471,0.20238118662106758,-0.1809948373332464,0.11261265717577018,-0.30739625403354554,-0.5611066663293951,-0.10990953792636371,-0.522273754620074,0.44040188117933055,0.20932609411908354,-0.058748518242865644,0.05658201907166145,-0.16259931336755012,0.7840111147408726,0.7079602525275801,-0.844957689733957,0.459951119759749,-0.048963900824286366,0.15655003696228498,-0.5323683838587958,0.3435381035924007,0.2477349411087867,0.03968450704456483,-0.04390520971220835,-0.9635237608816374,-0.061757485600888895,-0.3415900119624674,0.25645468003089633,2.109745303793465,0.4031653265980455,0.5511646143906561
E3.49.3403,-0.2400046154757981,0.14900430784632557,0.6955486286863899,-0.29753482719842195,0.3653202125012385,0.18652056517409865,-0.007587638496473037,-0.07042346039372349,0.43078098982502927,0.49590494480867786,0.7505188692614793,0.07838221990192906,0.1149300143965791,-0.12390075237867598,-1.3470006316970566,-0.4872526254732714,-0.4667046810094313,0.5681425222486481,0.43941282023903616,0.11082541809154617,-0.5291766069528795,0.2623308671593423,-2.0130526087575205,1.537214405257516,-0.4821631435435372,-0.15409176643495903,-2.1908410993524408,0.21218328179320195,-2.160454234867615,0.1240209235280958,-0.6517397857401969,-0.19013841650877777,-0.7609263889612317,0.4860356261363248,0.6687200379438554,1.0873393079290272,0.36239581345845334,-0.09014862578979077,0.056669432190899816,-0.08405224235052855,0.36034056658053204,-0.2760380294058157,0.3233713101988814,0.5759207580215158,0.18853936732197374,-0.035973351703178835,-0.4400577349393859,-0.2053122793026455,-0.5001805198936489,0.618954953192552,-0.35371125818229515,0.06988206813324882,-0.47588343391036175,2.338572886297255,-0.6379008175406586,0.7365840547532185,-0.7402592958452145,0.7151401400122834,-0.6356529891688222,-0.5644232962947964,-3.1709743956819416,0.02540036841647375,-0.026698846184413094,1.138956164164464,0.41622166872336974,0.00920740079847257
E3.49.3405,0.23037680878222605,-0.43058661364230955,0.5931859138167084,-0.4605182428162573,0.05671630535838057,0.11043135703558793,0.07354776905745508,-0.2869680106331778,0.7697389793783492,0.3584395830079221,0.7665851355725306,0.12315129598985308,-0.5656067347621604,-0.27375555699840337,-0.5052994439760976,-0.00044889779906864824,0.6300362430900783,0.453611287530998,-0.6561447724083922,0.19434432752210162,0.08500559734815938,-0.3098572864883587,-0.9721904388135858,0.7155244581659019,-0.7884872012488165,-0.2393690754053402,-3.398792105441035,-0.4534387768580632,-0.7909225548503,-0.08075754422636161,-1.5288677620945363,-0.40093243111325316,-0.30011612587645153,0.7111640903490049,-0.4198420900231121,-0.7814042715199201,1.1170317012158442,-0.027682383438017766,-0.12958754075539192,-0.18943339044895469,-0.34143335227487237,-0.001963295913824714,0.36595813466552357,0.43733519803888854,-0.3941639828872763,0.5681323664341047,-0.47159491716481144,0.22262571209623022,0.06249815994349356,0.6294347426267888,-0.49816499716948565,-0.4760374593800032,0.15422906822654858,1.4100424475606843,-0.7362441486691931,-0.5521429782268981,0.06973164815187405,0.1981779749695669,-0.27481199837456993,-0.6736354572429608,1.7839798910468216,0.006182866230528383,0.6878833949073918,1.5927158174817564,0.8384952228714866,1.100728488592893
E3.49.3406,-0.8292430255251552,-0.2691589083693141,0.747439167086396,0.006347235441777954,0.18010022944617432,-0.31627450810562535,0.24972946480802216,-0.14731846959285466,0.631223131762433,0.4151344415119511,0.6729169870880836,-0.43103988186228426,-0.4883360696892675,0.500025710424394,-1.5644730286810449,-0.32287883599673367,-0.4639557374809833,0.5993013620155327,0.3095309067839773,0.043406693784502015,-0.026670761845179386,0.3580352359610889,-0.6651393373776056,1.188756581133486,-1.1295823935174463,-0.32232624180145397,-2.67973875537897,-0.5499023837650507,-1.4262037467970168,-0.5384181115532586,-1.8414381750984983,-0.8140323396769202,-0.7686849360977763,0.12323279593369119,0.062147765212846595,-0.467630010070494,1.6284043833851891,0.02355453514454453,0.04186369529169376,-0.2789767668145804,-0.27221957667135177,-0.2641268256494159,-0.08026199677996695,1.1013568951537507,0.22624402883570371,0.7847659472492182,-0.05628706980530637,-0.5398083220798953,-0.2595617240945587,0.5145621252401988,-0.5575367540960967,0.33851605862703504,-0.7398901656298121,2.478171221790367,-0.12147328996157843,1.1872659992422696,-0.030395879588589914,0.6479961928575311,0.0008865177788777434,-0.6273356212613975,-1.695696036336875,-0.10957060934819415,1.6174152609491068,1.3455477408072032,0.7892660228160269,0.29750066712243917
E3.49.3407,1.1330092789154178,-0.1725208128215126,0.9187022632191156,-0.10161376701498304,0.05226169084133969,-0.36834298501720614,0.17090029708407783,0.19593709874072252,0.5647004053466047,0.12335112085836997,0.92015748203359,0.034804740699788006,0.11942764974146247,-0.36039723822279873,-1.2493189651531615,-0.30180581655738853,-0.3947211634794401,0.7182975330331469,-0.2220031715850841,-0.7527200294739085,0.25521682499010145,0.3429008996670252,-1.3569772570559404,0.6423905099569147,-1.959428305050174,-0.08948216914512125,-2.947360072282981,0.21133314156682934,-2.074505173675158,0.5756870801395755,-1.061385574303383,-0.5492833490878182,-0.8064283262473393,0.10337906396145202,-0.5527493478309642,0.4962442476739275,-1.8029782972872983,0.06438154593471879,0.006108971561678445,0.05319374649879682,0.4078187170714111,-0.39492803316161607,0.9949831323873795,0.6370701334283978,-0.09100630639555196,-0.12434623671129308,-0.47187175819039523,-0.01500971906906634,-0.06719410112129143,0.02923673511955549,0.38623743873613187,2.6585645927792685,-1.4975000114126038,2.008825499601085,-0.4490181537545219,0.28130634111901154,0.18868446999527444,0.9922983435784454,-0.38176700546746023,-1.061512829561826,-1.5132289373780132,-0.45488706145291147,1.4595920407025815,0.7905841621517167,0.517797805835448,0.05330663225892873
E3.49.3408,1.5395866322045277,0.01675373498441357,1.0580649951285825,0.4500208681384965,1.0954533808691198,-0.22925428786310342,0.11293310376297416,0.2974171645349286,1.6731774224960443,0.041143093749454795,-0.3230100657855881,-0.3992519682366211,-0.06102706716143558,-0.34388751780980686,0.5448844951242455,-0.34971438458708587,-0.2181729309025272,0.2337190281218433,-0.24023261389224992,-2.1032796162912804,0.6453893613705539,-0.15127393763639146,-1.6115589405284858,1.0033084623530666,-1.272197249088886,-0.5259307130589918,-2.897790534164785,0.028201575595971695,-1.846850421396896,-0.1989574114497732,-0.15530658931110886,-0.4920100037344508,-0.658562202562073,1.0311000073391532,-0.22924682562264553,0.4969998536255318,-0.9253056657804558,0.3776895594729144,0.01596972675801922,-0.11392746560298184,-0.5352976738556346,-0.4100193430814546,0.5488474804571506,0.6098241522786373,0.1904492793481296,-0.1367369968405593,-0.6324272692142787,-0.5579420903741538,-0.07572449897498934,0.738881682651297,-0.8450697566519687,2.634954424215436,-1.5888640223806705,2.618658056049888,-0.7355107271425987,0.2988461519126645,0.04287441357161714,1.1396530604974084,-1.0092153677926536,-1.5142372743217563,-0.8742818484894551,-0.5810186135408096,1.434817216096661,0.9256807806301964,0.8654860232819894,0.028238472252279823
E3.49.3409,0.9945920402571263,-0.8335120406748908,0.7334797851951036,-0.29703207906710727,0.11271816974274337,0.47760695788524554,0.0011516802698414708,-0.12299328467130888,0.3639062558950477,0.3148241352673069,1.0749834524578834,-0.18460101094217585,-0.7257494887075729,-0.4795852344923205,-1.900961402825813,-0.0286641742271459,-0.24332363330222673,0.8222137558672439,0.44568441161618044,-0.4444045901499572,-0.15552413560255296,0.39331054311260283,-1.2319972062761417,1.4771966133564476,-0.643638308924996,-0.31950206240923457,-3.801604981911534,-0.5465770226933027,-0.22756782968995637,0.20450154703385715,-0.24280662077784054,-0.8844140669064879,-0.10687940848786459,-0.16768914223054132,-0.8454896758565188,-0.7196836084409766,1.6238549616794256,-0.10745709215472399,0.0634967373965476,-0.08519941948615362,-0.3283613945339148,0.05086371961501701,-0.042691367557647436,0.2170980038756377,-0.02106995254455879,0.12584094646627897,-0.4342523869046162,0.1593970247334966,-0.148320927977303,0.1384591564058817,-0.07320392498957007,0.9668045729742367,-0.6482678925185087,0.9803491152594228,-0.48449733601187905,0.12557297925566094,-0.9320213859428068,0.27955391998547485,-0.5710313177203803,-0.26631180842117363,1.3797387929708411,-0.015771760423448855,-0.15646220343894418,1.3136957377103786,0.9383569262373781,1.1302576916440434
E3.49.3410,-0.14007504707052443,-0.2864006547424532,0.7290686500633466,-0.8312108855340394,0.9089153411260653,-0.591391546758043,0.19975494122673965,0.03326233723733374,-0.3975113282655192,0.04022229148942502,0.973465164697292,0.0751466228333344,-0.202346948366523,-0.016009970131478868,-0.37265892821693514,-0.07703648170543831,0.603301712088351,0.1174634491742414,-0.21068971259621283,-1.0543216520697687,1.1475132636196486,-0.3479295747789454,-0.2830771864751168,1.8366818231841395,-1.115513066137979,0.12413571391760886,-2.017123894690402,-0.03948813694785064,-2.174704669523363,-0.06534169194236095,-0.2299896807332853,-0.49167928842634,-0.241246622867826,0.37469921831992314,0.28865654899590454,0.17467408871483547,-0.40454467358568275,0.19810052287647562,0.1800844459411457,-0.15811923560862695,0.22868253774582376,-0.002964784453642899,-0.7269829439718964,-0.41184959247389125,0.15717038175758558,-0.18530929160240694,-0.7443795800294845,-0.6655784786786871,0.6028688893255668,0.2703598913005476,-0.5787524916549981,0.6854604771679593,-0.9033666562480781,3.1828153430633828,-0.03414313359240532,-0.3637979556031454,-0.6856109729027959,0.2890854283048727,-0.1804171957377298,-1.0062522726346692,-2.707689754443689,0.0679062154750269,0.3275715111111497,1.3709893562483462,0.3859320582000305,0.7102486637600391
E3.49.3411,0.24939626568857642,-0.9688710930407516,0.31315212349765326,-0.16696880224616217,-0.20613340961452442,-0.04768868844083812,-0.002458619991990485,0.1550047517844355,1.1949283186485007,0.2609347452162405,1.0008566787814717,-0.3686895731823725,-0.34666081875239696,-0.604282378271321,-0.7302727708125396,-0.2622710458978498,0.27212469220235624,0.8281674170934015,-0.37715683321854687,-2.0511713759612378,-0.1692576730937138,-0.46003819634841403,-0.7643235310057418,0.5397422096698952,-1.3908874946645957,-0.38456538743368185,-3.450607692464369,0.06856594220769219,-1.356047149312254,0.5179290777987323,0.814796793986031,-0.9690406790111425,-1.0218056303218837,-0.11414783112291671,-0.6209324582495478,-0.24266195456526196,0.36848888667678636,0.3812023804150577,0.1207381303709707,-0.07591267536456292,-0.007079524651250502,-0.5010608483769508,0.8445178604620507,0.7114604644156437,0.2293954863032115,-0.11028768574041647,-0.4779508889217514,0.05980142091497431,0.35509065829958997,0.5676890335195846,-0.4646551628483788,2.1791320112136354,-0.677493898936948,1.2224483023581691,-0.7698304129169289,1.2010279939875357,-0.25901476224762365,1.3677607986342022,-0.46691413849760444,-1.1537603246864265,-0.5337068422350065,-0.7526861173907132,1.4517246447387098,1.0608236106695283,0.35055146068595233,0.0875905148117283
E3.50.3412,0.06743412992716136,-0.31647916860353587,0.7174484353849653,0.18396223989467586,0.5050672160525642,-0.7653012340912747,0.14589828849001307,0.3511995230512457,1.3996634862240602,0.5435574015187372,1.210494272135184,-0.29691688559082685,-0.48824164180915586,-0.2861443103022616,-0.7429864095979655,-0.5715742332853474,-0.35540673836054004,0.29024659831659794,0.9253180893369899,-0.5482412526581437,0.25321635386174673,0.6354171232198684,-1.8529913227589185,1.0536081481247361,-0.8916042135851827,-0.7237539212966432,-3.1620989877632963,0.06737278367104382,-2.3217428008271277,0.6114424041589723,-1.6589223513618432,-0.7038988497836958,-0.5332626875677362,0.30063384786174785,0.10980714104337702,0.46371726027842364,-1.113368413367926,0.2708879569637759,0.056271289849117334,0.1401138452910966,-0.1693870616207449,-0.0699597967499257,-0.09187463367637258,1.258637095879894,-0.09380835567428991,0.7384141639571957,-0.05999132226322892,-0.6335375647885676,0.3586870559238047,0.19652477550851444,-0.8825955677997169,2.456871973220949,-1.4947519384940953,2.948742122462066,-0.8772960342501697,0.20992066154178693,-0.7021298249222986,1.6100112866070382,-0.24141191472016982,-0.5389853575700008,-1.0625486700990137,-0.7689501610472824,1.8879759800785307,1.5607965813828786,0.9545762276456462,0.5028438185788275
E3.50.3413,0.6977807780603804,-0.2115072909021839,0.670280578823752,0.21632109773588093,-0.7569113332570696,-1.0200776898490322,0.11843119036677408,0.28619293858555617,-0.040190307427795724,-0.18517034884094508,1.0792418919389335,-0.3116602060401332,0.1508170210697809,-0.2798550042411452,-0.9726241769249466,-0.8664050326225508,0.05955659640326566,0.5503989364826761,-0.17651720651212166,-2.1357896349177383,1.7589018217605632,-0.1860485788278805,-1.5617210124483583,0.9864228389532306,-0.7150646972056623,-0.8638566270345753,-2.094451611647557,-0.5907790389999497,-2.117053079419812,0.3461258253406515,-1.3973053501928194,-0.322763717027432,-0.4000333279086306,0.0625787224794978,0.10379079180521958,0.6640202884776101,-1.0809182015757142,0.4890570912686334,-0.31345479419338496,0.1438314789720465,0.1262769051217608,-0.3806177248715119,0.2531904620848686,0.6153858368364521,0.15105779307546907,-0.10066707786011808,-0.40632747345137377,0.06626269035472596,-0.33578933024368957,1.091465249803852,0.3099779525399084,3.175904185778082,-2.7503211786970967,2.16512284110879,-0.5062883464728013,0.9676326267449803,-1.329540423227424,1.8112620025083157,0.07243504989134841,-0.9454226675169071,-1.0881059147932926,0.0015584741448646522,1.974911019375634,0.6940729968011281,0.8039143024902158,-0.17286081868569925
E3.50.3414,1.4301761003245943,-0.0917514563342563,0.505297117983587,0.709207994051857,0.45945002291782383,-0.17117569610444106,-0.12290893814616988,0.021757982196473513,1.1141744010481425,0.2756041148534014,0.9904005241780678,-0.31341193978545956,0.15288591094687823,0.34055970089486576,0.17055119614589098,-0.49387605818108476,-0.2929017089143886,-0.055525159658051756,0.32329229066621035,-2.995621862185321,0.3151107167894773,0.17569807730826403,-1.2953358146675757,0.686147172946181,-1.4657864855113285,-0.7811733322860921,-2.7882961985911483,-0.6853311530363582,-2.713870960226484,-0.547811094191338,-0.3698591213509228,-1.0468169618726413,-0.8665715821742689,0.998154005810421,0.1323742400019461,1.7677308373901415,-3.2617546913619133,0.18832715680354806,-0.09454662420086946,-0.17534960277074196,0.06374711124235155,0.01409149031594148,0.2508920056936209,0.4805369521017977,-0.09841598378522765,0.5041071174589831,-0.500822626563056,0.007743492066779656,0.3995936868342749,0.2817686747121342,-0.902440720190925,2.6593300335615533,-2.3914013464567807,1.6338335006791898,-0.3780260637365338,-0.10952636935501422,-0.09034883960723461,1.154224061897818,-0.8472654280607594,-0.4622501919988583,-2.0505857424439626,-0.02891558985672793,2.9047943144894974,0.7267592225701528,0.1694006643396606,-0.39067493605254855
E3.50.3415,0.6306897378828809,-0.3092786721762699,0.2969451795725484,1.1823565076877447,0.4591148408446665,-0.1172326831068689,-0.5161870950730276,0.3970375960121606,0.3255656738636015,0.33395542213513285,0.8530585179930932,0.19478359546274193,-0.11213624874179484,-0.4400562743140839,-0.2618960789223351,-0.7528766717321723,0.007218703592098752,0.3207249735103499,0.9624736621870509,-1.9894295295896778,0.4548154213821367,0.39464692616123886,-2.5254757729477237,0.39290340547915026,-0.6491476432898807,-0.2129362789779292,-2.3772364688737637,-0.2711725219717993,-2.23306355221884,0.23215179868499303,0.055656148877353706,-0.48293462196229864,-0.8127878726061588,0.29559432931216545,0.4108058235790817,0.8255877655911577,-2.0293296334197324,0.22209973024501206,0.03330183216574989,0.06522715430646286,-0.14059976451978762,0.015731160414512946,-0.14630575913577237,0.8125152308512708,-0.12173407163405514,-0.03830722096851569,-0.13969434171561668,-0.15874234524533326,0.2164543048417814,0.3237033425996081,-0.6775372632423893,2.951659374860709,-1.6628937257608427,2.794996816218026,-0.10851054487481177,0.351307975435,-1.2802367919370217,1.182807555301786,-0.4024337286081701,-0.6731400438997907,-2.4474171468638257,-0.36380569112942773,2.640068124583415,0.4073609966621357,1.0592091232679448,0.0532921582162742
E3.50.3416,0.8002352419516022,-0.06339153074595572,0.32729387706527724,0.948657934655563,-0.6125341961986284,-0.3009319445357579,0.24825208314404312,0.26643076983552927,0.6419535050528804,-0.18982913669086776,1.0669021166523012,-0.29235518468497546,-0.14675175137085955,-0.19350453226371278,-0.19685583140041635,0.006307297181020022,0.6121578073080938,0.04654207650674341,-0.22817679199795493,-3.7901902829536502,0.6551418460758403,0.039524476253672836,-1.1476853868829129,0.9592183327419574,-1.4077381766206711,-0.42939882997865475,-2.156856329219804,-0.6179623440267616,-1.9595959022687124,-0.7055515069995724,0.5846184919093371,-0.3345425733761475,-0.8872162811689001,0.580267129525935,-0.29165377471953846,0.7243436677148329,-2.065643107859459,0.34019964842247763,0.005581672264701076,-0.058173270133801136,-0.3164921179961775,-0.16185865805628818,0.6093518165826162,0.538079132690471,0.16530425844363594,-0.18565199733371507,-0.6680583538620983,0.31335086910980026,0.7771039618068041,1.0162715703858287,-0.6036391363759794,2.1259102484534935,-1.8962868977504248,3.183897306913797,-0.0867559175489617,-0.4919773851124391,-0.8564573789503904,1.335005335324464,0.013056551873965427,-0.8194297376508552,-1.0305637361078,-0.2429935583962194,2.6496519405472827,0.9781412132181013,0.8737961497580766,0.05195199173786447
E3.50.3417,-0.48386873349643567,-1.0640934192153304,0.8626237387147617,-0.38283786237617745,1.0637877867423402,-0.13035774487491592,0.19390842826703292,0.1130843900211902,0.11828960854043914,0.45890030093331324,1.3385754398736407,-0.18817936520385237,0.26324930266459173,0.2103751108302252,-0.3266624949956373,-0.4254279241632075,0.4180562706384786,0.7079905788473337,0.4628841979933429,-1.6908269039117474,-0.30192064666569307,-0.10892960310822875,-0.7806904427372743,0.9065263835067947,-1.142625883880584,0.1697067399078261,-2.9120926920698067,-0.4058775267262272,-1.1530214690736238,0.499134536302985,-0.47497338895290997,-1.2465108491039467,-0.09646607250911998,0.688562317015438,-0.22713467431874312,-0.6398054387277834,-0.029078117709826934,-0.2339302539681043,0.1160532735998614,-0.06590346841556838,0.04273370169421736,0.061028859877087394,0.5870630367764352,-0.045035442591930805,0.21796861243789412,0.5086023668299781,-0.5456509631955715,-0.48581215445148096,0.6947928758005821,0.7607657982027214,-0.35263287968842205,1.246186727160112,-0.38104986027828525,0.5994012879468755,-0.25950307286252394,-0.08066209879190904,-0.15139554088645457,0.21514710085338673,-0.5950244238842286,-1.3230344114048536,0.037192428397563315,0.26249327042625303,1.4724948690235347,1.0787812221069164,0.19804107005760319,0.47736704670025204
E3.51.3421,2.054829822127193,-0.09199259594455206,0.9923978473975046,-0.06810822223263857,0.3870972450399399,-0.6572078768605135,-0.20279305288432514,0.21102440809189238,0.4980343590398171,0.2275887210258194,0.43137191885690074,0.1307463677669407,0.16435133099148794,0.190057097144,0.5072529949512026,-0.31366050376476473,0.005985915367459627,0.6882506394047484,0.6258418995331605,-1.5393216666974792,1.5604063764485239,0.36313358421590247,-1.0256980248199374,0.40347477552465705,-1.7957508799587982,-0.008071213969416083,-2.9968546115315884,-0.7682705190680277,-2.4948858243949994,-0.7429235676479214,-0.6743308121850964,-0.4446983165607274,-0.6343502575897467,0.19976568564957065,-0.3332864744374824,1.455177969572227,-2.142524705458288,0.19196595176910236,-0.003939886414234817,-0.07827047590391167,-0.6824982841005844,-0.15378303529017634,-0.5282645390846386,0.005731765301876024,-0.12343728341761828,-0.21762731310546457,-0.8945996381407265,-0.6167209249002038,-0.18284737960524777,0.7042338852112917,-0.35696533834033506,2.8770313549022655,-1.1367942630854524,2.3741505158971346,-0.750432861713818,0.3599704941204324,-0.6809611842047208,1.1664471164542138,-0.12214829471053776,-1.2978056189140448,-2.093196979017239,0.721294441571482,1.9014026604264251,0.9216839765532341,0.5053413333761125,-0.3038820867689497
E3.51.3422,0.9586992141153964,-0.624210262133576,0.7860630103850261,0.15504074552062796,0.8951618546425262,-0.9911572297623179,-0.09167404068664098,0.29176121888884854,0.5044480509092428,0.00193024841794176,1.0769348312749472,-0.413291011842134,-0.14468717139622814,-0.17988476640758422,-0.360992266100835,0.008326704701990179,-0.30972442648890763,0.8264276837856126,1.1874013640894048,-3.3533809847166745,0.9315659091286623,0.8894238734301679,-2.1580201168931223,1.2055810456600264,-0.4269903997677291,-0.602723336309195,-2.6422476065060003,-0.4412824549370628,-2.6218048804363945,-0.7362155425385805,-0.5391851309059605,-0.251531948833354,-0.7369092457942099,0.8390087186330435,0.05691294063397606,0.5433794181395668,-1.5875093691810527,0.38717868681751977,-0.0720222597868716,0.01781706000040928,-0.17286384745425332,-0.40857348304241037,-0.19032593752011528,0.5291352214300864,-0.11138063429905043,0.128255832481599,-0.34619997722714857,-0.5476774178372343,-0.6347872874416726,0.4133101925137359,0.02421237898314671,2.4050072385508208,-0.5348431454764947,1.9735403216157157,-0.31454897335680043,-0.7322758576257812,-0.41732545027863505,0.6533211566185539,-0.3538008128879683,-0.7211058593574751,-2.4483670708971896,0.09035664032908675,1.3236454916245446,1.1263033997593268,0.9649841867678002,0.23319120928108555
E3.51.3423,-0.1803667541988444,-0.15805992978758354,0.909421252936984,-0.25099668170380607,0.2510362820190749,-0.3430305189038211,0.22500393866446977,0.21080238865261292,1.4944970109758193,0.5277736010243608,0.5757484980767438,0.19508085438822897,-0.32887101425257426,-0.42586828450492853,-0.22460373677669088,-0.7127347729935627,0.35162040294046715,0.7366244530850934,0.0038686863317587417,-0.3937735423559283,0.4899995799089046,-0.07914761851944152,-1.7987625912137037,1.4470085446139551,-1.3618554858063394,-0.32970970447110126,-2.250751752225979,-0.30346771012970797,-0.5237943679705093,0.0649601347742012,-0.9039899340341533,-0.37036150467479195,-0.3998140217145383,0.5589915378468828,0.06787835507314569,-0.27458161071109455,0.07706924173695323,0.07444742342411992,0.05774567244499984,-0.3572986233486348,-0.8801901379518797,0.18566593107310414,-0.19852701818572704,-0.012004666531265938,0.21103168759129565,0.3719024571391397,-0.5919749578385467,-0.030993224014006227,-0.39874031290441014,0.49823866546451434,-0.5108417798093192,0.08722287559449704,-0.3889907038970335,1.189161110363858,-0.5522480779101664,0.20630424457861624,-0.15261827549173512,0.1796150851615379,-0.0790183906655394,-1.2830027391761036,-0.05899724505133519,-0.37537744055769495,0.1728269870096859,0.44932831290615716,1.0708787076090935,0.8690618417150214
E3.51.3426,0.7149449669036784,0.4977373603035898,0.6851583092841382,-0.5888382557156886,-0.004201791984099645,0.3540504795431928,-0.0255137651703774,0.3454630372840537,1.5161186097817438,-0.1388407084788732,1.285150472473924,-0.5903779191050167,0.0735759520609387,-0.3078013853182488,0.6144168947546828,-0.16442083261989193,-0.5998233055472302,0.5386721457638877,-0.3631001626443049,-1.6169479682564827,0.016733450850780596,1.145704826001128,-1.086910320247679,0.70727348609035,-1.426730720000239,-0.495837074603002,-2.607714094464477,-0.45574657397654594,-1.9599053674247067,-0.08694021336755453,-0.9545401047539537,-0.14848275951622156,-1.0357255491778,0.780875539919478,0.15755756074404842,0.8109256067282953,-2.3815786109233112,0.3515281445794516,0.013484207465312537,0.09020826951332928,0.11274500791425493,-0.4098290833506838,0.40818017274262686,0.11394730886982582,0.14915764344633264,0.026298768227993152,-0.17520003308978846,-0.4099428452543201,0.8621156956241841,1.0371412166552318,-0.39841724126310785,3.2201893466673135,-1.8066011127460162,2.937110981973138,-0.4718961516221728,-0.4581511121007752,-1.1837564253231898,0.3290940172151364,-0.7219344807141823,-0.06063977489760006,-1.7282540207088408,-0.44255953906120105,1.5116114572849513,0.342492805247084,0.7194022266544495,0.2731150992926421
E3.52.3428,0.4145960097009521,-0.23814537022760845,0.4046002208980425,0.6453187686792319,-0.18031743548992246,-0.05431204996139816,0.001568373283888036,0.29483449988858146,1.6478060100870893,-0.024667283118223082,0.37623895306613653,0.15732914579836432,-0.5186519035363817,-0.46138650700800643,-0.832332563859977,-0.8031257829274916,-0.1418478109486096,0.12932433673410673,0.12064838043954795,-1.980060777357949,-0.591144780299984,0.0810861623118515,-1.8495437295156356,1.358465977008179,-0.8897055534170712,0.02893616227668222,-3.282832838427818,0.12445697681163609,-2.1950968608951884,-0.29745370625140555,-1.0768628926418082,-0.4859620608202074,-0.4679248826634834,0.6381672248736816,0.5792014640000669,1.5791740936894367,-1.0910017173050135,0.2781277791060015,0.06712015855990527,-0.04080348424826519,-0.3976836467336856,-0.10483396750310403,0.6773456968946523,0.9018268315692242,-0.011941415472830341,0.599187730116558,-0.3480825955965352,0.07944972375005838,0.08935772129718694,0.6011304649120781,0.3628122438839593,3.8659955521555545,-2.7940156001281244,2.1732137864637853,-0.569098091153694,0.06076206121741452,-0.05968451141859976,1.0047809572236996,-0.46223469352838475,-0.4342705424211025,-4.331012842975872,-0.5594713499005348,1.8152208310630045,0.33066670883971083,0.3120354740446549,0.19505538894267793
E3.52.3429,0.19434522349353245,-1.1376098505087322,0.15920941491041513,-0.12382665349945432,0.2914388505103772,0.0996316135359066,-0.1325202470021849,0.18183763036355893,0.8925791039196268,0.20536622715351038,1.1951745289197198,-0.5415821785569213,-0.24993328656548014,0.210087930419956,-1.0143855729907632,-0.5922857272189952,-0.49632262383557924,0.6503698854525527,-0.6665296101451239,-1.3801802954431448,0.780534846816723,1.1113162687003852,-1.1957290048520681,0.1885396525609293,-1.2665670216338345,-0.40905601505799005,-2.815015324094481,-0.07730193070324021,-2.4898452484270868,-0.8131342459982038,-0.39238214725825626,-0.6567581296452369,-0.550566253084981,0.9337902905303754,-0.004293610839570194,1.42690627405121,-2.442087568784277,0.0724079420992858,0.15209083130102607,-0.016487636161581998,-0.09346014663791358,-0.10771174874517708,-0.47346534256444206,-0.4426962378656071,0.24407653210912938,-0.10954525780173963,-0.2779911658572405,-0.2891614465533211,0.7014081852282814,0.4493778109092861,-1.2037645067498732,3.2054383223313896,-0.7560081705152244,2.984504808777145,-0.46206840143654737,0.018493456627853365,-0.6180134451133932,1.6031316744338235,-0.7392188135986693,-0.9768893961763624,-2.44725219700593,-0.42480261371323697,0.9156229796499136,0.29251382278653004,0.7453775878956614,-0.09490306101222723
E3.52.3430,0.8608704215012283,-0.2719576400217729,0.7287556192269211,-0.27434916009253874,-0.5234635474244016,-0.5396345325339645,0.22073435104203298,0.016683133274461692,0.7321933895885472,-0.09190287150871779,0.34115877568893715,0.15639223316404438,0.02609718267558289,-0.04485541467026166,-0.5594988390079781,-0.7744633913116536,0.34012890887433866,0.23454202984835099,0.7340520331674165,-1.5486672224118097,0.24086245627439268,0.18195791248713955,-1.345450022195521,1.5446455129832453,-1.2572272046901773,-0.07594362944827793,-2.648066072078044,-0.138422925913918,-2.0085258457589443,-0.0764756276846279,-1.551518819568966,-0.1388578747348441,-0.8078590856535997,0.5184797590036601,0.6206002085432458,0.09908752511103014,-0.050323935329688874,-0.0029295382129843617,0.07978216588972353,-0.14669944019285008,-0.3394738280031307,-0.358318037227245,0.22468533188210726,-0.11711690005056974,0.12926151108892037,-0.002761791650244705,-0.7073340126023145,-0.01885094264981435,-0.03513197661276746,0.9012441022236017,-0.8208430115082841,0.7420516315729992,-1.0414388371527399,4.092498867273553,-0.45964097265995785,0.3285522195982884,0.11171615104245924,0.01470523269859303,0.1980774261454772,-1.2888973264915737,-2.60863444043652,0.05789057266747211,0.8815731645382212,0.11983471437621188,0.7528071586350391,0.41663765809333525
E3.52.3431,1.3041843889488918,-0.5043014965721557,0.7014201721937854,-0.13787960909107522,0.8486020937789722,0.02546241421189699,-0.1563482913260632,0.09765811863391693,0.9120954087696186,-0.0045130806453084205,0.8195059807564848,0.5637875042533542,-0.1462295174345093,0.2037709391051321,-0.915249811533199,-0.61540401975353,0.4628829232216971,0.3005622438922527,-0.2039882804316684,-0.21973344447575882,0.6529501419449208,-0.15614051494566217,-1.093900797036826,1.1391247100780655,-0.9562428946733885,-0.48348248357243223,-2.849161969866513,-0.25551135268121217,-0.5068529761071048,0.2401292326860382,-0.4008964694101038,-0.06817668842665847,-0.13154041476842737,0.25023612370170545,-0.5268964245420806,-0.681491390788318,-0.15206775007337991,0.09900237400671408,0.07971394200365411,-0.21323733225394959,0.22023207757023844,-0.30992822533059683,0.5463550754901088,0.41760628943797284,-0.006914227131300299,0.10142032239090737,-0.23585196951180878,-0.24003114032160622,0.7476256546687018,-0.019259259856112543,-1.0618992271809944,1.131247268717889,-1.2728607036957715,0.6712836849256876,-0.6711405260437594,0.5686657458604076,-0.8408922673449507,0.6721192084207417,0.08156910592056754,-0.9937950829361888,-0.18591469785947556,-0.2886162838619356,1.0076266627310644,1.1395117139367787,0.6648518770966061,0.5184949660462322
E3.52.3432,0.7764861331496901,-0.16053688571363744,0.5873728645313754,0.3219753806859291,0.33426979657728506,-0.05949168876997457,-0.18849853507401226,0.16499406734585031,1.5395118676773794,-0.16530859980841406,1.1553491208297442,-0.3544183445858309,-0.42024099410074167,0.27517364845886005,-0.016687462966629818,-0.01594995144966954,0.836548451148164,-0.04380974748270733,0.14094608059696045,-2.736973356929054,0.024363751902097386,-0.23681257554650428,-0.27871711083776285,1.0487229288956588,-1.2447999956221818,0.036594226196203825,-1.8816511264274314,-0.20421156914801908,-0.7801567445366806,0.7776126429591338,-0.12478670986396123,-0.3726520120828237,-0.528493947439697,0.18884416523160974,-0.04363318144332212,0.16922019596964288,-0.503625422257054,0.5814649225925779,-0.041216921040849286,-0.13158817362668862,-0.7927693613992648,-0.04098422760296527,-0.06442102771901592,0.059120126221347324,0.17636508227350434,-0.1971993499141067,0.016213122077097547,-0.3202876316424642,-0.30896709659670535,0.7820833900482937,-0.8721077534845885,2.6172542745072,-1.8500063727970617,2.7095516537175195,-0.6146802409307287,0.1797071906835474,-1.0633659131658018,1.454635287943601,-0.40828462120449593,-1.6986086280393131,-0.712623218431053,-0.9188866924696255,1.194335614157931,0.6289224613975506,0.6274676601148497,0.4105401717036432
E3.52.3433,0.24942040886224337,-1.1008367051021715,0.690490600507918,-0.27791441414163165,0.6501063733215442,-0.20299276186054344,-0.07387253600914478,0.0020028625752668283,-0.05923468776438426,0.08607376629637242,0.8287998010820168,0.09238891382685699,-0.3357068228941321,-0.2013468433257508,-0.3476495142781243,-0.3998646759363973,0.40270292801299046,0.49748765926642535,-0.2082535739448248,-0.10071553873929373,-0.7028515623530944,0.08360615415183204,-1.1435189780690669,0.6140931503976672,-0.8319882157271883,0.09885485933820512,-2.7853280188028067,-0.2787256650780162,-1.0060353146808692,0.3885384022475974,-0.8388069001073217,-0.4251147636806699,-0.23114841065504266,0.4010391608545345,-0.5315761826429918,0.22835321684222176,-0.048043408336577054,0.11167915880490842,0.18791324051654268,-0.1685876782495781,-0.7364733965070376,-0.023348741781822113,0.11753789232337064,0.4190987039319257,0.16519083329021478,0.25375950130995406,-0.5143503633419917,0.3591251063960607,0.3038684890132567,0.3013413272639762,-0.8741696723164489,0.30358134925972147,0.3296781973831494,1.4724541425276803,-0.07268302345340902,0.28915537034364397,-0.3077183005894645,0.32059614913141554,-0.6131471322172602,-0.4996513971155039,-0.08461751475421386,-0.9379232296958814,0.2619760071317121,0.9749397507423289,-0.15602093908070502,0.5925688886761916
E3.52.3434,0.18435834316679559,-0.5910642831073016,0.5278541306822571,-0.268741318172133,0.7267890752950631,-0.24000311568148458,0.26445565419543016,0.11211091087346281,1.3836361597446372,0.30076255198687774,1.7305251615765844,-0.1761643392051533,-0.03635400421483767,0.14249376246844936,-0.0736410394216887,-0.20917143318712214,-0.2613278328466426,-0.07786241088174053,-0.6525382310919554,-1.218191238183963,0.2842588906641234,0.3065798547217067,-1.4794848940301328,0.9700405837511559,-1.1070177218906676,0.25820557818345957,-2.5589325824981772,-0.08408520585595575,-0.5751822056757678,-0.331787415839529,-1.0574697086026716,-0.541241130840556,-1.0208918780758223,0.15001816769618603,-0.2724500142528739,-0.12555709356198097,1.0222570222121188,0.14553221073992617,0.02088026547129429,-0.2711886840404363,0.08495416993749383,0.09183033992650591,0.43503541413163904,0.5297490219076063,0.18299641652618703,0.9646921785023821,-0.16044341113560728,-0.7256891305197338,0.5930155002379078,0.2200674700379044,-0.5790059622601016,1.1967743538903421,-1.3939647384573202,1.0772146272374972,-0.808549738940147,0.7654850204806072,-0.6742229797892536,0.26901707357646676,-0.663663832408691,-2.0766134798368046,-0.8356722414459821,0.01484009061446201,1.2077323237444622,0.5099538183662976,0.698934659141893,0.6026903605092031
E3.53.3436,0.7997222390672396,0.27464889204302334,0.5015751423345153,0.6347857736988751,0.5367062608980063,0.472671318838034,0.22316389153810423,0.2235026135507292,0.2545705266387525,-0.1341828161304055,1.1670181712249972,0.1709852427251879,-0.08446182961092386,0.05762801542036666,0.47488356253182273,-0.035352375408428144,0.5118425346857496,-0.18755220168508954,0.8900716325929761,-2.889432815951548,-0.21626258949450933,-0.18033831532254196,-2.1201313121778442,0.8658687364902766,-1.607742521915023,-0.5333858600676152,-2.3813821249995715,-0.011142757718171081,-0.9977456659387536,0.19066111203579622,0.5364681574963288,-0.4885713218302904,-0.8737160996019174,-0.041665423762119236,-0.02050547928608254,0.18843985132976426,-1.5933588895137767,0.4432289444209916,-0.016021862880843507,-0.061090989581269906,-0.4734102050999798,-0.09031984567104878,0.8266002971100586,-0.27991130254172863,0.13659507963200057,0.052554428764358896,0.04013623125545124,-0.293414827283417,0.4164447304648228,1.0283650605579089,-0.3223748398781617,2.6184480003776063,-1.1578624701684337,0.9002379033900003,-0.32506783924302546,-0.05367490822951584,-1.149681164257649,0.20268304173976315,-0.4793806878517459,-0.9690031484205976,1.7856447559252289,-0.3050112063119707,0.6528259600885752,0.9747775153595899,0.14588303559637916,0.4613033626845836
E3.53.3437,0.2565786555284689,0.0024849321422870108,1.0051047338907093,0.22745995951975528,1.3605948264676395,-0.23354102011624467,0.16319532807209036,0.3024017896656739,0.09186190520646935,-0.2756637442417076,1.0511044589256844,0.049297344541205934,-0.3705833523310782,-0.31589824166801417,-0.5450499070995618,-0.32066107803128363,0.822864754630691,0.33926207874242087,0.39393416995496633,-2.4164367304493237,-0.2195504663402822,-0.2136159188458897,-1.8922779575859914,1.085599176032681,-1.6069810155750104,-0.26990392818505327,-1.7952395537336416,-0.2597448469380176,-1.2039973422229542,-0.2782177675406278,-0.7421772501451668,-0.5726623763896359,-0.10496227269269465,0.6589105686925927,0.27412878396379237,0.5370226558171818,-1.8787106193269079,0.4101119175135466,0.06597623022477661,-0.06419030995041841,-0.27309036981920676,-0.09497183419006583,0.2944473871166815,0.08153380768700047,0.15197214804156123,-0.15534169364361894,-0.4995802810884826,-0.3922664745589628,-0.053495903143016665,0.06009995375620969,-1.102189913923553,1.6177952773567519,-1.4515870305589784,3.1906397430598714,-0.3076087029712086,-0.08945943506295884,-1.0615336931003523,0.4049875015132789,-0.12857308152562286,-0.5266605714051312,-1.2056191121737647,0.3356607933735528,1.9866657271625405,0.9116258194745075,0.7290581482445715,0.6939274527197126
E3.53.3438,0.45078848176162845,0.2958518156900021,0.41986809143270065,-0.7920123471275762,0.9192093815968317,0.2334091180784218,0.42841053610074464,-0.2982169960554151,0.926913543329906,-0.018692368392962067,1.500368717136554,-0.15316542665158472,0.016168524056664746,-0.17968826717890463,-1.375458879391425,-0.3739926034948066,0.2839391347009509,0.054214291500300604,-0.5010405086235323,0.7160773411169488,1.0032152943224402,-0.11005531979897254,-1.4876633225271818,1.09521096018074,-0.3340131876925956,-0.17831780884617698,-2.684062922494151,-0.048193715167060946,-1.8096072330304884,0.027531301735255753,-0.7021933544169399,-0.47252994417138444,-0.6338028067481779,0.6091138555494591,0.653950390651866,0.10795850324759515,0.5517781340619374,-0.4362869572961223,0.11211592471590137,-0.24221047137745932,-0.004076399074326054,0.06726369244827413,0.4266061778347069,0.9141716123945881,0.10991305181698352,-0.1524592816967948,-0.5238020415136169,-0.12721537121933646,-0.1489727352747236,0.38730706887846544,-0.7108038009318912,1.6172196258483151,-1.2428148171031963,3.284793334557973,-0.09505720765378038,0.14474104305639782,-1.163269665732622,0.037386224356211084,-0.345666510442754,-1.7397088055229597,-1.9432213445565862,0.025658239575095887,0.6364504136714033,1.3460443644365725,0.4133404057619079,0.6802620677022237
